--
-- PostgreSQL database dump
--

-- Dumped from database version 13.1
-- Dumped by pg_dump version 13.1

SET statement_timeout = 0;
SET lock_timeout = 0;
SET idle_in_transaction_session_timeout = 0;
SET client_encoding = 'UTF8';
SET standard_conforming_strings = on;
SELECT pg_catalog.set_config('search_path', '', false);
SET check_function_bodies = false;
SET xmloption = content;
SET client_min_messages = warning;
SET row_security = off;

--
-- Name: match_status; Type: TYPE; Schema: public; Owner: postgres
--

CREATE TYPE public.match_status AS ENUM (
    'Postponed',
    'Canceled',
    'Forfait'
);


ALTER TYPE public.match_status OWNER TO postgres;

SET default_tablespace = '';

SET default_table_access_method = heap;

--
-- Name: club; Type: TABLE; Schema: public; Owner: postgres
--

CREATE TABLE public.club (
    stam_number integer NOT NULL,
    name character varying(64) NOT NULL,
    address character varying(128) NOT NULL,
    zip_code integer NOT NULL,
    city character varying(64) NOT NULL,
    website character varying(128)
);


ALTER TABLE public.club OWNER TO postgres;

--
-- Name: club_stam_number_seq; Type: SEQUENCE; Schema: public; Owner: postgres
--

CREATE SEQUENCE public.club_stam_number_seq
    START WITH 333
    INCREMENT BY 1
    NO MINVALUE
    NO MAXVALUE
    CACHE 1;


ALTER TABLE public.club_stam_number_seq OWNER TO postgres;

--
-- Name: division; Type: TABLE; Schema: public; Owner: postgres
--

CREATE TABLE public.division (
    id integer NOT NULL,
    name character varying(64) NOT NULL
);


ALTER TABLE public.division OWNER TO postgres;

--
-- Name: division_id_seq; Type: SEQUENCE; Schema: public; Owner: postgres
--

CREATE SEQUENCE public.division_id_seq
    START WITH 7
    INCREMENT BY 1
    NO MINVALUE
    NO MAXVALUE
    CACHE 1;


ALTER TABLE public.division_id_seq OWNER TO postgres;

--
-- Name: match; Type: TABLE; Schema: public; Owner: postgres
--

CREATE TABLE public.match (
    id integer NOT NULL,
    division_id integer NOT NULL,
    matchweek integer NOT NULL,
    date date NOT NULL,
    "time" time without time zone NOT NULL,
    home_team_id integer NOT NULL,
    away_team_id integer NOT NULL,
    goals_home_team integer,
    goals_away_team integer,
    status public.match_status,
    referee_id integer,
    CONSTRAINT match_check CHECK ((home_team_id <> away_team_id)),
    CONSTRAINT match_check1 CHECK (((goals_home_team >= 0) AND (goals_away_team >= 0))),
    CONSTRAINT match_matchweek_check CHECK ((matchweek > 0))
);


ALTER TABLE public.match OWNER TO postgres;

--
-- Name: match_id_seq; Type: SEQUENCE; Schema: public; Owner: postgres
--

CREATE SEQUENCE public.match_id_seq
    AS integer
    START WITH 1
    INCREMENT BY 1
    NO MINVALUE
    NO MAXVALUE
    CACHE 1;


ALTER TABLE public.match_id_seq OWNER TO postgres;

--
-- Name: match_id_seq; Type: SEQUENCE OWNED BY; Schema: public; Owner: postgres
--

ALTER SEQUENCE public.match_id_seq OWNED BY public.match.id;


--
-- Name: referee; Type: TABLE; Schema: public; Owner: postgres
--

CREATE TABLE public.referee (
    id integer NOT NULL,
    first_name character varying(64) NOT NULL,
    last_name character varying(64) NOT NULL,
    address character varying(128) NOT NULL,
    zip_code integer NOT NULL,
    city character varying(64) NOT NULL,
    phone_number character varying(64) NOT NULL,
    email character varying(128) NOT NULL,
    date_of_birth date NOT NULL
);


ALTER TABLE public.referee OWNER TO postgres;

--
-- Name: referee_id_seq; Type: SEQUENCE; Schema: public; Owner: postgres
--

CREATE SEQUENCE public.referee_id_seq
    AS integer
    START WITH 1
    INCREMENT BY 1
    NO MINVALUE
    NO MAXVALUE
    CACHE 1;


ALTER TABLE public.referee_id_seq OWNER TO postgres;

--
-- Name: referee_id_seq; Type: SEQUENCE OWNED BY; Schema: public; Owner: postgres
--

ALTER SEQUENCE public.referee_id_seq OWNED BY public.referee.id;


--
-- Name: seq_reg_id; Type: SEQUENCE; Schema: public; Owner: postgres
--

CREATE SEQUENCE public.seq_reg_id
    START WITH 71
    INCREMENT BY 1
    NO MINVALUE
    NO MAXVALUE
    CACHE 1;


ALTER TABLE public.seq_reg_id OWNER TO postgres;

--
-- Name: team; Type: TABLE; Schema: public; Owner: postgres
--

CREATE TABLE public.team (
    id integer NOT NULL,
    stam_number integer NOT NULL,
    suffix character varying(32),
    colors character varying(128) NOT NULL
);


ALTER TABLE public.team OWNER TO postgres;

--
-- Name: team_id_seq; Type: SEQUENCE; Schema: public; Owner: postgres
--

CREATE SEQUENCE public.team_id_seq
    START WITH 71
    INCREMENT BY 1
    NO MINVALUE
    NO MAXVALUE
    CACHE 1;


ALTER TABLE public.team_id_seq OWNER TO postgres;

--
-- Name: user; Type: TABLE; Schema: public; Owner: postgres
--

CREATE TABLE public."user" (
    id integer NOT NULL,
    username character varying(64) NOT NULL,
    password_hash character varying(128) NOT NULL,
    email character varying(128) NOT NULL,
    team_id integer,
    is_admin boolean NOT NULL,
    is_super_admin boolean NOT NULL
);


ALTER TABLE public."user" OWNER TO postgres;

--
-- Name: user_id_seq; Type: SEQUENCE; Schema: public; Owner: postgres
--

CREATE SEQUENCE public.user_id_seq
    AS integer
    START WITH 1
    INCREMENT BY 1
    NO MINVALUE
    NO MAXVALUE
    CACHE 1;


ALTER TABLE public.user_id_seq OWNER TO postgres;

--
-- Name: user_id_seq; Type: SEQUENCE OWNED BY; Schema: public; Owner: postgres
--

ALTER SEQUENCE public.user_id_seq OWNED BY public."user".id;


--
-- Name: match id; Type: DEFAULT; Schema: public; Owner: postgres
--

ALTER TABLE ONLY public.match ALTER COLUMN id SET DEFAULT nextval('public.match_id_seq'::regclass);


--
-- Name: referee id; Type: DEFAULT; Schema: public; Owner: postgres
--

ALTER TABLE ONLY public.referee ALTER COLUMN id SET DEFAULT nextval('public.referee_id_seq'::regclass);


--
-- Name: user id; Type: DEFAULT; Schema: public; Owner: postgres
--

ALTER TABLE ONLY public."user" ALTER COLUMN id SET DEFAULT nextval('public.user_id_seq'::regclass);


--
-- Data for Name: club; Type: TABLE DATA; Schema: public; Owner: postgres
--

COPY public.club (stam_number, name, address, zip_code, city, website) FROM stdin;
13	FC Vervoort	Dikberdstraat  27	2200	Herentals	\N
61	SV Gooreinde	Jagersweg-Overwijs 1	2260	Zoerle-Parwijs	\N
79	RS Corsica	Zilverberklaan 6a	2580	Beerzel	www.rscorsica.be
74	De Keyzer United	Itegemsesteenweg 19	2560	Bevel	\N
81	VK Heultje	Goorbossenstraat	2260	Heultje	\N
105	FC Lindau	Herenthoutseweg  211	2200	Herentals	\N
177	FC Heidester	Industriepark 3	2235	Hulshout	\N
162	FC Valvecke	Nijlensesteenweg - De Merodestraat	2270	Herenthout	\N
9	KFC Diamantschijf	Webstraat 16	2222	Wiekevorst	www.fcdiamantschijf.be
6	SK Diamant	Rietveld	2221	Pijpelheide	\N
4	FC Sportief	Del  16	2280	Grobbendonk	\N
136	FC Varenwinkel	Gijmelsesteenweg  11	2230	Herselt	www.fcvarenwinkel.be
52	FC De Weerdt	Liersesteenweg 350	2590	Berlaar	www.fcdeweerdt.be
215	SK De Rotonde	Zilverberklaan	2580	Beerzel	\N
214	FC Heist Goor	Schaliehoevestraat 64	2220	Heist op den Berg	www.fc-heistgoor.be
165	DC Wittegracht	Valleistraat  4	2222	Wiekevorst	\N
305	HSV	Boeretangstraat  2	2260	Tongerlo	\N
114	VC Stefke	Baalsebaan 318a	3128	Baal	www.stefkebetekom.be
201	Veteranen Ramsel	Schoolstraat	2230	Ramsel	www.kramselfc.be
223	Oud Nijlen	Goorstraat 11-15	2560	Nijlen	\N
99	FC Vispluk	Oostakker 1	2290	Vorselaar	\N
202	VK 't Kaske	Lupineweg	3140	Keerbergen	\N
321	FC Silverbacks	Asberg 28	2260	Westerlo	www.silverbacksfc.be
285	FC Martinus	Dikberdstraat	2200	Herentals	www.fcmartinus.be
176	Real Putte	Oude Schrieksebaan	2820	Bonheiden	\N
199	Forza Mikaza	Grote Doelstraat	2820	Bonheiden	\N
142	FC Voet	Valleistraat  4	2222	Wiekevorst	\N
183	FC Flamingo	Holmlei 64	2800	Mechelen	Facebook Flamingo
58	SVVC Putte	Tinstraat   11	2580	Putte	Facebook: SVVC Putte
241	VK Den Bierpot	Liersesteenweg	2590	Berlaar	www.vkdenbierpot.be
94	KSK Heffers	Nekbos	2260	Voortkapel	SKHEFFERS.WIXSITE
267	FC 't Hutteke	Niemandshoek	2270	Herenthout	\N
320	KVC Booischot	Dorpstraat 12	2221	Booischot	kvcbooischot.com
145	FC Club 2	Goorstraat	2560	Nijlen	www.fcclub2.be
272	Halder United	Zilverbeeklaan 6A	2580	Beerzel	www.halder-united.be
180	FC De Dreef	Oostakker 1	2290	Vorselaar	\N
8	KFC Veraboys	Goorstraat 11-15	2560	Nijlen	\N
310	FC Stoopke	Vaartkom  2	2280	Grobbendonk	\N
295	ZWD La Folie	Beeksstraat 21-23	2235	Westmeerbeek	\N
134	FC 't Gewat	Laureys Gewatstraat 79	2560	Nijlen	\N
135	Real Sas	Hogeweg 10	2221	Booischot	\N
254	VK Bergen	Oostakker 1	2290	Vorselaar	\N
260	FC Fortuna	Bergensesteenweg	2270	Herenthout	\N
323	FC United	Valleistraat  3	2222	Wiekevorst	\N
322	BL BBG	Laarstraat 5	2560	Bevel	\N
17	FC Fiat	Koestraat 130	2270	Herenthout	www.fcfiat.be
314	Team Aasem	Laureys Gewatstraat 79	2560	Nijlen	\N
318	VK Klungel	Europalaan 3	2840	Terhagen	\N
324	FC DasGeneZever	Laaglandlaan  385	2170	Merksem	www.fc-dasgenezever.be
317	KVV Blauwen Hoek	Heidestraat  7	2570	Duffel	\N
316	CP Bananas	Heidestraat  7b	2570	Duffel	\N
326	KFC Putte	Heuvel  40C	2580	Putte	www.kfcputte.be
325	FC De Nieuwe Kroon	Moerelei	2610	Wilrijk	\N
327	FC Sparka	Itegemsesteenweg 19	2560	Bevel	www.fcsparka.be
328	VK Albatros	Holmlei 64	2800	Mechelen	\N
329	FC Gloria NGB	Industriepark 3	2235	Hulshout	\N
330	RoUnited	Naalstraat  43	2570	Duffel	\N
331	Molenzonen United	Spekstraat	2220	Hallaar	www.kfcmhallaar.be
332	Casual United FC	Eikendreef  70	2990	Wuustwezel	\N
\.


--
-- Data for Name: division; Type: TABLE DATA; Schema: public; Owner: postgres
--

COPY public.division (id, name) FROM stdin;
1	1ste Afdeling
2	2de Afdeling
3	3de Afdeling
4	4de Afdeling
5	5de Afdeling
6	Veteranen Afdeling
\.


--
-- Data for Name: match; Type: TABLE DATA; Schema: public; Owner: postgres
--

COPY public.match (id, division_id, matchweek, date, "time", home_team_id, away_team_id, goals_home_team, goals_away_team, status, referee_id) FROM stdin;
1	1	1	2018-09-05	14:30:00	33	67	0	0	\N	\N
2	1	1	2018-09-05	15:00:00	17	52	0	0	\N	\N
3	1	1	2018-09-05	14:30:00	16	49	0	0	\N	\N
4	1	1	2018-09-05	15:30:00	10	56	0	0	\N	\N
5	1	1	2018-09-05	16:00:00	8	30	0	0	\N	\N
6	1	1	2018-09-05	15:30:00	13	4	3	2	\N	\N
7	1	2	2018-09-12	14:30:00	67	17	1	0	\N	\N
8	1	2	2018-09-12	14:30:00	52	16	3	2	\N	\N
9	1	2	2018-09-12	14:30:00	49	10	2	0	\N	\N
10	1	2	2018-09-12	14:30:00	56	8	10	1	\N	\N
11	1	2	2018-09-12	14:00:00	30	13	2	1	\N	\N
12	1	2	2018-09-12	14:30:00	4	33	0	6	\N	\N
13	1	3	2018-09-19	15:00:00	17	33	1	2	\N	\N
14	1	3	2018-09-19	14:30:00	16	67	4	1	\N	\N
15	1	3	2018-09-19	15:30:00	10	52	4	1	\N	\N
16	1	3	2018-09-19	16:00:00	8	49	2	3	\N	\N
17	1	3	2018-09-19	15:30:00	13	56	1	2	\N	\N
18	1	3	2018-09-19	14:00:00	30	4	5	0	\N	\N
19	1	4	2018-09-26	14:30:00	33	16	3	2	\N	\N
20	1	4	2018-09-26	14:30:00	67	10	3	1	\N	\N
21	1	4	2018-09-26	14:30:00	52	8	2	0	\N	\N
22	1	4	2018-09-26	14:30:00	49	13	2	8	\N	\N
23	1	4	2018-09-26	14:30:00	56	30	2	0	\N	\N
24	1	4	2018-09-26	14:30:00	4	17	0	4	\N	\N
25	1	5	2018-10-03	14:30:00	16	17	1	0	\N	\N
26	1	5	2018-10-03	15:30:00	10	33	2	0	\N	\N
27	1	5	2018-10-03	16:00:00	8	67	1	5	\N	\N
28	1	5	2018-10-03	15:30:00	13	52	1	10	\N	\N
29	1	5	2018-10-03	14:00:00	30	49	1	5	\N	\N
30	1	5	2018-10-03	14:30:00	56	4	1	1	\N	\N
31	1	6	2018-10-10	15:00:00	17	10	0	2	\N	\N
32	1	6	2018-10-10	14:30:00	33	8	0	2	\N	\N
33	1	6	2018-10-10	14:30:00	67	13	3	2	\N	\N
34	1	6	2018-10-10	14:30:00	52	30	0	3	\N	\N
35	1	6	2018-10-10	14:30:00	56	49	1	3	\N	\N
36	1	6	2018-10-10	14:30:00	4	16	2	4	\N	\N
37	1	7	2018-10-17	15:30:00	10	16	0	0	\N	\N
38	1	7	2018-10-17	16:00:00	8	17	1	3	\N	\N
39	1	7	2018-10-17	15:30:00	13	33	0	0	\N	\N
40	1	7	2018-10-17	14:00:00	30	67	0	0	\N	\N
41	1	7	2018-10-17	15:00:00	56	52	2	2	\N	\N
42	1	7	2018-10-17	14:30:00	49	4	0	6	\N	\N
43	1	8	2018-10-24	16:00:00	8	16	0	3	\N	\N
44	1	8	2018-10-24	15:00:00	17	13	3	8	\N	\N
45	1	8	2018-10-24	14:30:00	33	30	1	1	\N	\N
46	1	8	2018-10-24	14:30:00	67	56	1	0	\N	\N
47	1	8	2018-10-24	14:30:00	52	49	4	0	\N	\N
48	1	8	2018-10-24	14:30:00	4	10	0	0	\N	\N
49	1	9	2018-10-31	16:00:00	8	10	9	0	\N	\N
50	1	9	2018-10-31	14:45:00	13	16	0	3	\N	\N
51	1	9	2018-10-31	14:00:00	30	17	2	1	\N	\N
52	1	9	2018-10-31	15:00:00	56	33	0	4	\N	\N
53	1	9	2018-10-31	14:30:00	49	67	0	1	\N	\N
54	1	9	2018-10-31	14:30:00	52	4	0	0	\N	\N
55	1	10	2018-11-07	14:45:00	10	13	2	2	\N	\N
56	1	10	2018-11-07	14:30:00	16	30	0	0	\N	\N
57	1	10	2018-11-07	14:45:00	17	56	1	0	\N	\N
58	1	10	2018-11-07	14:30:00	49	33	2	0	\N	\N
59	1	10	2018-11-07	14:30:00	67	52	0	2	\N	\N
60	1	10	2018-11-07	14:30:00	4	8	4	3	\N	\N
61	1	11	2018-11-14	14:45:00	13	8	2	9	\N	\N
62	1	11	2018-11-14	14:00:00	30	10	0	0	\N	\N
63	1	11	2018-11-14	15:00:00	56	16	0	8	\N	\N
64	1	11	2018-11-14	14:30:00	49	17	2	0	\N	\N
65	1	11	2018-11-14	14:30:00	52	33	0	2	\N	\N
66	1	11	2018-11-14	14:30:00	67	4	2	3	\N	\N
67	1	12	2018-12-05	14:30:00	67	33	0	1	\N	\N
68	1	12	2018-12-05	14:30:00	52	17	2	3	\N	\N
69	1	12	2018-12-05	14:30:00	49	16	4	10	\N	\N
70	1	12	2018-12-05	15:00:00	56	10	2	4	\N	\N
71	1	12	2018-12-05	14:00:00	30	8	2	1	\N	\N
72	1	12	2018-12-05	14:30:00	4	13	0	4	\N	\N
73	1	13	2018-12-12	14:45:00	17	67	1	0	\N	\N
74	1	13	2018-12-12	14:30:00	33	4	1	2	\N	\N
75	1	13	2018-12-12	16:00:00	8	56	1	1	\N	\N
76	1	13	2018-12-12	14:45:00	10	49	7	1	\N	\N
77	1	13	2018-12-12	14:30:00	16	52	1	2	\N	\N
78	1	13	2018-12-12	14:45:00	13	30	1	1	\N	\N
79	1	14	2018-12-19	14:30:00	33	17	2	2	\N	\N
80	1	14	2018-12-19	14:30:00	67	16	2	1	\N	\N
81	1	14	2018-12-19	14:30:00	52	10	1	2	\N	\N
82	1	14	2018-12-19	14:30:00	49	8	1	1	\N	\N
83	1	14	2018-12-19	15:00:00	56	13	0	3	\N	\N
84	1	14	2018-12-19	14:30:00	4	30	0	1	\N	\N
85	1	15	2019-01-09	14:30:00	16	33	3	2	\N	\N
86	1	15	2019-01-09	14:45:00	10	67	1	3	\N	\N
87	1	15	2019-01-09	16:00:00	8	52	0	2	\N	\N
88	1	15	2019-01-09	14:45:00	13	49	1	5	\N	\N
89	1	15	2019-01-09	14:00:00	30	56	0	5	\N	\N
90	1	15	2019-01-09	14:45:00	17	4	1	1	\N	\N
91	1	16	2019-01-16	14:45:00	17	16	1	4	\N	\N
92	1	16	2019-01-16	14:30:00	33	10	2	3	\N	\N
93	1	16	2019-01-16	14:30:00	67	8	5	1	\N	\N
94	1	16	2019-01-16	14:30:00	52	13	0	9	\N	\N
95	1	16	2019-01-16	14:30:00	49	30	2	1	\N	\N
96	1	16	2019-01-16	14:30:00	4	56	2	0	\N	\N
97	1	17	2019-01-23	14:45:00	10	17	2	2	\N	\N
98	1	17	2019-01-23	16:00:00	8	33	0	2	\N	\N
99	1	17	2019-01-23	14:45:00	13	67	0	0	\N	\N
100	1	17	2019-01-23	14:00:00	30	52	2	2	\N	\N
101	1	17	2019-01-23	14:30:00	49	56	1	9	\N	\N
102	1	17	2019-01-23	14:30:00	16	4	2	2	\N	\N
103	1	18	2019-01-30	14:30:00	16	10	10	3	\N	\N
104	1	18	2019-01-30	14:45:00	17	8	1	3	\N	\N
105	1	18	2019-01-30	14:30:00	33	13	3	4	\N	\N
106	1	18	2019-01-30	14:30:00	67	30	0	1	\N	\N
107	1	18	2019-01-30	14:30:00	52	56	0	4	\N	\N
108	1	18	2019-01-30	14:30:00	4	49	1	2	\N	\N
109	1	19	2019-02-06	14:30:00	16	8	1	0	\N	\N
110	1	19	2019-02-06	14:45:00	13	17	1	1	\N	\N
111	1	19	2019-02-06	14:00:00	30	33	0	3	\N	\N
112	1	19	2019-02-06	15:00:00	56	67	1	2	\N	\N
113	1	19	2019-02-06	14:30:00	49	52	2	0	\N	\N
114	1	19	2019-02-06	14:45:00	10	4	4	4	\N	\N
115	1	20	2019-04-10	15:30:00	10	8	0	4	\N	\N
116	1	20	2019-04-10	14:30:00	16	13	5	0	\N	\N
117	1	20	2019-04-10	15:00:00	17	30	1	4	\N	\N
118	1	20	2019-04-10	14:30:00	33	56	1	0	\N	\N
119	1	20	2019-04-10	14:30:00	67	49	0	3	\N	\N
120	1	20	2019-04-10	14:30:00	4	52	2	5	\N	\N
121	1	21	2019-04-17	00:00:00	13	10	0	0	\N	\N
122	1	21	2019-04-17	14:00:00	30	16	10	4	\N	\N
123	1	21	2019-04-17	15:00:00	56	17	0	0	\N	\N
124	1	21	2019-04-17	14:30:00	49	33	4	2	\N	\N
125	1	21	2019-04-17	14:30:00	52	67	1	1	\N	\N
126	1	21	2019-04-17	16:00:00	8	4	4	0	\N	\N
127	1	22	2019-04-24	16:00:00	8	13	1	6	\N	\N
128	1	22	2019-04-24	15:30:00	10	30	0	1	\N	\N
129	1	22	2019-04-24	14:30:00	16	56	3	0	\N	\N
130	1	22	2019-04-24	15:00:00	17	49	0	2	\N	\N
131	1	22	2019-04-24	14:30:00	33	52	1	3	\N	\N
132	1	22	2019-04-24	14:30:00	4	67	2	0	\N	\N
133	2	1	2018-09-05	13:30:00	19	29	0	0	\N	\N
134	2	1	2018-09-05	14:30:00	42	5	0	2	\N	\N
135	2	1	2018-09-05	13:30:00	48	3	1	0	\N	\N
136	2	1	2018-09-05	14:30:00	43	50	5	2	\N	\N
137	2	1	2018-09-05	15:00:00	64	1	2	2	\N	\N
138	2	1	2018-09-05	14:00:00	51	58	0	0	\N	\N
139	2	2	2018-09-12	15:00:00	29	42	2	3	\N	\N
140	2	2	2018-09-12	16:00:00	5	48	1	0	\N	\N
141	2	2	2018-09-12	13:30:00	3	43	0	2	\N	\N
142	2	2	2018-09-12	13:30:00	50	64	2	1	\N	\N
143	2	2	2018-09-12	17:00:00	1	51	7	1	\N	\N
144	2	2	2018-09-12	14:30:00	58	19	3	0	\N	\N
145	2	3	2018-09-19	14:30:00	42	19	0	3	\N	\N
146	2	3	2018-09-19	13:30:00	48	29	3	2	\N	\N
147	2	3	2018-09-19	14:30:00	43	5	0	0	\N	\N
148	2	3	2018-09-19	15:00:00	64	3	1	1	\N	\N
149	2	3	2018-09-19	14:00:00	51	50	0	1	\N	\N
150	2	3	2018-09-19	17:00:00	1	58	0	1	\N	\N
151	2	4	2018-09-26	13:30:00	19	48	4	2	\N	\N
152	2	4	2018-09-26	15:00:00	29	43	0	3	\N	\N
153	2	4	2018-09-26	16:00:00	5	64	8	2	\N	\N
154	2	4	2018-09-26	00:00:00	3	51	1	2	\N	\N
155	2	4	2018-09-26	13:30:00	50	1	2	0	\N	\N
156	2	4	2018-09-26	14:30:00	58	42	2	0	\N	\N
157	2	5	2018-10-03	13:30:00	48	42	5	0	\N	\N
158	2	5	2018-10-03	14:30:00	43	19	1	4	\N	\N
159	2	5	2018-10-03	15:00:00	64	29	4	4	\N	\N
160	2	5	2018-10-03	14:00:00	51	5	1	0	\N	\N
161	2	5	2018-10-03	17:00:00	1	3	0	2	\N	\N
162	2	5	2018-10-03	13:30:00	50	58	2	1	\N	\N
163	2	6	2018-10-10	14:30:00	42	43	5	0	\N	\N
164	2	6	2018-10-10	13:30:00	19	64	0	4	\N	\N
165	2	6	2018-10-10	15:00:00	29	51	2	1	\N	\N
166	2	6	2018-10-10	16:00:00	5	1	4	7	\N	\N
167	2	6	2018-10-10	13:30:00	3	50	0	0	\N	\N
168	2	6	2018-10-10	14:30:00	58	48	1	3	\N	\N
169	2	7	2018-10-17	14:30:00	43	48	0	1	\N	\N
170	2	7	2018-10-17	15:00:00	64	42	1	1	\N	\N
171	2	7	2018-10-17	14:00:00	51	19	0	3	\N	\N
172	2	7	2018-10-17	17:00:00	1	29	3	3	\N	\N
173	2	7	2018-10-17	13:30:00	50	5	2	0	\N	\N
174	2	7	2018-10-17	13:30:00	3	58	0	5	\N	\N
175	2	8	2018-10-24	15:00:00	64	48	0	5	\N	\N
176	2	8	2018-10-24	14:30:00	42	51	0	2	\N	\N
177	2	8	2018-10-24	13:30:00	19	1	4	0	\N	\N
178	2	8	2018-10-24	15:00:00	29	50	0	3	\N	\N
179	2	8	2018-10-24	13:30:00	3	5	5	1	\N	\N
180	2	8	2018-10-24	00:00:00	58	43	4	1	\N	\N
181	2	9	2018-10-31	15:00:00	64	43	3	2	\N	\N
182	2	9	2018-10-31	14:00:00	51	48	4	1	\N	\N
183	2	9	2018-10-31	17:00:00	1	42	3	1	\N	\N
184	2	9	2018-10-31	13:30:00	50	19	2	9	\N	\N
185	2	9	2018-10-31	13:30:00	3	29	1	1	\N	\N
186	2	9	2018-10-31	14:45:00	5	58	0	2	\N	\N
187	2	10	2018-11-07	14:30:00	43	51	0	5	\N	\N
188	2	10	2018-11-07	13:30:00	48	1	10	5	\N	\N
189	2	10	2018-11-07	14:30:00	42	50	1	0	\N	\N
190	2	10	2018-11-07	13:30:00	19	3	2	0	\N	\N
191	2	10	2018-11-07	14:45:00	29	5	0	0	\N	\N
192	2	10	2018-11-07	14:30:00	58	64	4	4	\N	\N
193	2	11	2018-11-14	14:00:00	51	64	3	1	\N	\N
194	2	11	2018-11-14	17:00:00	1	43	0	3	\N	\N
195	2	11	2018-11-14	13:30:00	50	48	0	2	\N	\N
196	2	11	2018-11-14	13:30:00	3	42	0	1	\N	\N
197	2	11	2018-11-14	14:45:00	5	19	0	1	\N	\N
198	2	11	2018-11-14	14:45:00	29	58	1	1	\N	\N
199	2	12	2018-12-05	14:45:00	29	19	1	0	\N	\N
200	2	12	2018-12-05	14:45:00	5	42	4	1	\N	\N
201	2	12	2018-12-05	13:30:00	3	48	0	0	\N	\N
202	2	12	2018-12-05	13:30:00	50	43	0	3	\N	\N
203	2	12	2018-12-05	17:00:00	1	64	2	1	\N	\N
204	2	12	2018-12-05	14:30:00	58	51	0	2	\N	\N
205	2	13	2018-12-12	14:30:00	42	29	2	0	\N	\N
206	2	13	2018-12-12	14:30:00	19	58	1	0	\N	\N
207	2	13	2018-12-12	00:00:00	64	50	2	3	\N	\N
208	2	13	2018-12-12	14:30:00	43	3	0	0	\N	\N
209	2	13	2018-12-12	13:30:00	48	5	0	0	\N	\N
210	2	13	2018-12-12	14:00:00	51	1	1	1	\N	\N
211	2	14	2018-12-19	13:30:00	19	42	1	6	\N	\N
212	2	14	2018-12-19	14:45:00	29	48	1	4	\N	\N
213	2	14	2018-12-19	14:45:00	5	43	0	2	\N	\N
214	2	14	2018-12-19	00:00:00	3	64	0	3	\N	\N
215	2	14	2018-12-19	13:30:00	50	51	0	0	\N	\N
216	2	14	2018-12-19	14:30:00	58	1	4	1	\N	\N
217	2	15	2019-01-09	13:30:00	48	19	1	1	\N	\N
218	2	15	2019-01-09	14:30:00	43	29	0	2	\N	\N
219	2	15	2019-01-09	15:00:00	64	5	2	4	\N	\N
220	2	15	2019-01-09	14:00:00	51	3	3	0	\N	\N
221	2	15	2019-01-09	17:00:00	1	50	5	1	\N	\N
222	2	15	2019-01-09	14:30:00	42	58	2	1	\N	\N
223	2	16	2019-01-16	14:30:00	42	48	0	0	\N	\N
224	2	16	2019-01-16	13:30:00	19	43	0	1	\N	\N
225	2	16	2019-01-16	14:45:00	29	64	0	1	\N	\N
226	2	16	2019-01-16	14:45:00	5	51	4	0	\N	\N
227	2	16	2019-01-16	13:30:00	3	1	1	3	\N	\N
228	2	16	2019-01-16	14:30:00	58	50	8	0	\N	\N
229	2	17	2019-01-23	14:30:00	43	42	3	6	\N	\N
230	2	17	2019-01-23	15:00:00	64	19	0	5	\N	\N
231	2	17	2019-01-23	14:00:00	51	29	0	10	\N	\N
232	2	17	2019-01-23	17:00:00	1	5	2	0	\N	\N
233	2	17	2019-01-23	13:30:00	50	3	9	6	\N	\N
234	2	17	2019-01-23	13:30:00	48	58	2	5	\N	\N
235	2	18	2019-01-30	00:00:00	48	43	0	0	\N	\N
236	2	18	2019-01-30	14:30:00	42	64	0	0	\N	\N
237	2	18	2019-01-30	13:30:00	19	51	0	0	\N	\N
238	2	18	2019-01-30	14:45:00	29	1	0	1	\N	\N
239	2	18	2019-01-30	14:45:00	5	50	4	1	\N	\N
240	2	18	2019-01-30	14:30:00	58	3	1	2	\N	\N
241	2	19	2019-02-06	13:30:00	48	64	0	0	\N	\N
242	2	19	2019-02-06	14:00:00	51	42	0	2	\N	\N
243	2	19	2019-02-06	17:00:00	1	19	0	0	\N	\N
244	2	19	2019-02-06	13:30:00	50	29	0	4	\N	\N
245	2	19	2019-02-06	14:45:00	5	3	0	3	\N	\N
246	2	19	2019-02-06	14:30:00	43	58	1	2	\N	\N
247	2	20	2019-04-10	14:30:00	43	64	4	0	\N	\N
248	2	20	2019-04-10	13:30:00	48	51	0	1	\N	\N
249	2	20	2019-04-10	14:30:00	42	1	2	2	\N	\N
250	2	20	2019-04-10	13:30:00	19	50	10	4	\N	\N
251	2	20	2019-04-10	15:00:00	29	3	0	0	\N	\N
252	2	20	2019-04-10	14:30:00	58	5	2	0	\N	\N
253	2	21	2019-04-17	14:00:00	51	43	1	10	\N	\N
254	2	21	2019-04-17	17:00:00	1	48	2	0	\N	\N
255	2	21	2019-04-17	13:30:00	50	42	2	0	\N	\N
256	2	21	2019-04-17	13:30:00	3	19	0	9	\N	\N
257	2	21	2019-04-17	16:00:00	5	29	3	2	\N	\N
258	2	21	2019-04-17	15:00:00	64	58	1	4	\N	\N
259	2	22	2019-04-24	15:00:00	64	51	0	1	\N	\N
260	2	22	2019-04-24	14:30:00	43	1	0	1	\N	\N
261	2	22	2019-04-24	13:30:00	48	50	10	2	\N	\N
262	2	22	2019-04-24	14:30:00	42	3	1	2	\N	\N
263	2	22	2019-04-24	13:30:00	19	5	4	2	\N	\N
264	2	22	2019-04-24	14:30:00	58	29	3	1	\N	\N
265	3	1	2018-09-05	14:00:00	12	35	5	8	\N	\N
266	3	1	2018-09-05	14:30:00	53	34	0	4	\N	\N
267	3	1	2018-09-05	14:00:00	7	45	1	1	\N	\N
268	3	1	2018-09-05	14:30:00	31	15	3	1	\N	\N
269	3	1	2018-09-05	13:00:00	63	61	6	2	\N	\N
270	3	2	2018-09-12	14:30:00	35	39	4	2	\N	\N
271	3	2	2018-09-12	14:30:00	34	45	0	3	\N	\N
272	3	2	2018-09-12	14:00:00	7	31	1	1	\N	\N
273	3	2	2018-09-12	13:00:00	15	63	5	0	\N	\N
274	3	2	2018-09-12	13:00:00	61	12	5	2	\N	\N
275	3	3	2018-09-19	15:00:00	39	12	0	7	\N	\N
276	3	3	2018-09-19	14:30:00	53	35	0	1	\N	\N
277	3	3	2018-09-19	14:30:00	31	34	0	0	\N	\N
278	3	3	2018-09-19	13:00:00	63	7	0	4	\N	\N
279	3	3	2018-09-19	15:00:00	15	61	2	0	\N	\N
280	3	4	2018-09-26	14:00:00	12	53	2	0	\N	\N
281	3	4	2018-09-26	14:30:00	35	45	0	0	\N	\N
282	3	4	2018-09-26	14:30:00	34	63	1	3	\N	\N
283	3	4	2018-09-26	15:00:00	15	7	1	4	\N	\N
284	3	4	2018-09-26	15:00:00	39	61	1	0	\N	\N
285	3	5	2018-10-03	14:30:00	53	39	2	3	\N	\N
286	3	5	2018-10-03	14:00:00	45	12	0	1	\N	\N
287	3	5	2018-10-03	14:30:00	31	35	2	4	\N	\N
288	3	5	2018-10-03	13:00:00	15	34	3	0	\N	\N
289	3	5	2018-10-03	13:00:00	61	7	4	0	\N	\N
290	3	6	2018-10-10	15:00:00	39	45	3	1	\N	\N
291	3	6	2018-10-10	14:00:00	12	31	0	5	\N	\N
292	3	6	2018-10-10	14:30:00	35	63	10	2	\N	\N
293	3	6	2018-10-10	14:30:00	34	7	1	2	\N	\N
294	3	6	2018-10-10	14:30:00	53	61	3	1	\N	\N
295	3	7	2018-10-17	14:00:00	45	53	0	6	\N	\N
296	3	7	2018-10-17	14:30:00	31	39	3	0	\N	\N
297	3	7	2018-10-17	13:00:00	63	12	7	0	\N	\N
298	3	7	2018-10-17	13:00:00	15	35	4	4	\N	\N
299	3	7	2018-10-17	14:00:00	61	34	0	2	\N	\N
300	3	8	2018-10-24	14:30:00	53	31	5	2	\N	\N
301	3	8	2018-10-24	15:00:00	39	63	2	2	\N	\N
302	3	8	2018-10-24	14:00:00	12	15	2	2	\N	\N
303	3	8	2018-10-24	14:00:00	7	35	5	1	\N	\N
304	3	8	2018-10-24	13:00:00	61	45	3	0	\N	\N
305	3	9	2018-10-31	14:30:00	31	45	0	0	\N	\N
306	3	9	2018-10-31	13:00:00	63	53	0	3	\N	\N
307	3	9	2018-10-31	13:00:00	15	39	4	1	\N	\N
308	3	9	2018-10-31	14:00:00	7	12	3	3	\N	\N
309	3	9	2018-10-31	14:30:00	34	35	0	2	\N	\N
310	3	10	2018-11-07	14:00:00	45	63	1	1	\N	\N
311	3	10	2018-11-07	13:00:00	53	15	4	4	\N	\N
312	3	10	2018-11-07	15:00:00	39	7	1	4	\N	\N
313	3	10	2018-11-07	14:00:00	12	34	2	2	\N	\N
314	3	10	2018-11-07	14:00:00	61	31	1	1	\N	\N
315	3	11	2018-11-14	13:00:00	63	31	3	0	\N	\N
316	3	11	2018-11-14	13:00:00	15	45	0	3	\N	\N
317	3	11	2018-11-14	14:00:00	7	53	9	1	\N	\N
318	3	11	2018-11-14	14:30:00	34	39	2	1	\N	\N
319	3	11	2018-11-14	14:30:00	35	61	4	4	\N	\N
320	3	12	2018-12-05	14:30:00	35	12	1	0	\N	\N
321	3	12	2018-12-05	14:30:00	34	53	4	2	\N	\N
322	3	12	2018-12-05	14:00:00	45	7	1	2	\N	\N
323	3	12	2018-12-05	13:00:00	15	31	2	0	\N	\N
324	3	12	2018-12-05	14:00:00	61	63	5	0	\N	\N
325	3	13	2018-12-12	15:00:00	39	35	4	5	\N	\N
326	3	13	2018-12-12	14:30:00	12	61	1	3	\N	\N
327	3	13	2018-12-12	14:30:00	31	7	2	1	\N	\N
328	3	13	2018-12-12	14:00:00	45	34	4	0	\N	\N
329	3	13	2018-12-12	13:00:00	63	15	1	3	\N	\N
330	3	14	2018-12-19	14:00:00	12	39	0	2	\N	\N
331	3	14	2018-12-19	14:30:00	35	53	2	1	\N	\N
332	3	14	2018-12-19	14:30:00	34	31	1	8	\N	\N
333	3	14	2018-12-19	14:00:00	7	63	1	0	\N	\N
334	3	14	2018-12-19	13:00:00	61	15	0	3	\N	\N
335	3	15	2019-01-09	14:30:00	53	12	0	1	\N	\N
336	3	15	2019-01-09	14:00:00	45	35	1	1	\N	\N
337	3	15	2019-01-09	13:00:00	63	34	3	1	\N	\N
338	3	15	2019-01-09	14:00:00	7	15	0	5	\N	\N
339	3	15	2019-01-09	13:00:00	61	39	0	8	\N	\N
340	3	16	2019-01-16	15:00:00	39	53	4	0	\N	\N
341	3	16	2019-01-16	14:00:00	12	45	1	2	\N	\N
342	3	16	2019-01-16	14:30:00	35	31	2	1	\N	\N
343	3	16	2019-01-16	14:30:00	34	15	3	4	\N	\N
344	3	16	2019-01-16	14:00:00	7	61	6	3	\N	\N
345	3	17	2019-01-23	14:00:00	45	39	2	2	\N	\N
346	3	17	2019-01-23	14:30:00	31	12	0	2	\N	\N
347	3	17	2019-01-23	13:00:00	63	35	3	2	\N	\N
348	3	17	2019-01-23	14:00:00	7	34	1	9	\N	\N
349	3	17	2019-01-23	13:00:00	61	53	4	0	\N	\N
350	3	18	2019-01-30	14:30:00	53	45	7	3	\N	\N
351	3	18	2019-01-30	15:00:00	39	31	1	1	\N	\N
352	3	18	2019-01-30	14:00:00	12	63	2	1	\N	\N
353	3	18	2019-01-30	14:30:00	35	15	5	0	\N	\N
354	3	18	2019-01-30	14:30:00	34	61	1	0	\N	\N
355	3	19	2019-02-06	14:30:00	31	53	2	0	\N	\N
356	3	19	2019-02-06	13:00:00	63	39	1	0	\N	\N
357	3	19	2019-02-06	13:00:00	15	12	2	1	\N	\N
358	3	19	2019-02-06	14:30:00	35	7	4	0	\N	\N
359	3	19	2019-02-06	14:00:00	45	61	7	5	\N	\N
360	3	20	2019-04-10	14:00:00	45	31	2	4	\N	\N
361	3	20	2019-04-10	14:30:00	53	63	0	0	\N	\N
362	3	20	2019-04-10	15:00:00	39	15	1	4	\N	\N
363	3	20	2019-04-10	14:00:00	12	7	4	0	\N	\N
364	3	20	2019-04-10	14:30:00	35	34	2	3	\N	\N
365	3	21	2019-04-17	13:00:00	63	45	0	4	\N	\N
366	3	21	2019-04-17	13:00:00	15	53	2	4	\N	\N
367	3	21	2019-04-17	14:00:00	7	39	1	5	\N	\N
368	3	21	2019-04-17	14:30:00	34	12	0	0	\N	\N
369	3	21	2019-04-17	00:00:00	31	61	0	1	\N	\N
370	3	22	2019-04-24	14:30:00	31	63	2	2	\N	\N
371	3	22	2019-04-24	14:00:00	45	15	0	0	\N	\N
372	3	22	2019-04-24	14:30:00	53	7	0	0	\N	\N
373	3	22	2019-04-24	15:00:00	39	34	2	7	\N	\N
374	3	22	2019-04-24	13:00:00	61	35	0	2	\N	\N
375	4	1	2018-09-05	15:00:00	44	2	3	0	\N	\N
376	4	1	2018-09-05	13:30:00	47	57	2	0	\N	\N
377	4	1	2018-09-05	14:30:00	55	71	3	0	\N	\N
378	4	1	2018-09-05	14:30:00	32	38	0	2	\N	\N
379	4	1	2018-09-05	14:30:00	36	59	4	4	\N	\N
380	4	2	2018-09-12	14:00:00	2	47	0	3	\N	\N
381	4	2	2018-09-12	14:30:00	54	55	3	0	\N	\N
382	4	2	2018-09-12	15:00:00	71	32	5	8	\N	\N
383	4	2	2018-09-12	14:30:00	38	36	2	1	\N	\N
384	4	2	2018-09-12	15:00:00	44	59	2	4	\N	\N
385	4	3	2018-09-19	13:30:00	47	44	1	2	\N	\N
386	4	3	2018-09-19	14:30:00	55	57	0	0	\N	\N
387	4	3	2018-09-19	14:30:00	32	54	5	0	\N	\N
388	4	3	2018-09-19	14:30:00	36	71	2	7	\N	\N
389	4	3	2018-09-19	14:30:00	38	59	1	1	\N	\N
390	4	4	2018-09-26	14:00:00	2	55	4	4	\N	\N
391	4	4	2018-09-26	14:00:00	57	32	0	2	\N	\N
392	4	4	2018-09-26	14:30:00	54	36	1	2	\N	\N
393	4	4	2018-09-26	15:00:00	71	38	2	3	\N	\N
394	4	4	2018-09-26	00:00:00	59	47	1	0	\N	\N
395	4	5	2018-10-03	15:30:00	44	55	2	1	\N	\N
396	4	5	2018-10-03	14:30:00	32	2	2	0	\N	\N
397	4	5	2018-10-03	14:30:00	36	57	6	3	\N	\N
398	4	5	2018-10-03	14:30:00	38	54	0	9	\N	\N
399	4	5	2018-10-03	15:00:00	71	59	2	3	\N	\N
400	4	6	2018-10-10	13:30:00	47	55	1	0	\N	\N
401	4	6	2018-10-10	15:00:00	44	32	5	2	\N	\N
402	4	6	2018-10-10	14:00:00	2	36	0	0	\N	\N
403	4	6	2018-10-10	14:00:00	57	38	8	0	\N	\N
404	4	6	2018-10-10	14:30:00	54	71	4	0	\N	\N
405	4	7	2018-10-17	14:30:00	32	47	2	1	\N	\N
406	4	7	2018-10-17	14:30:00	36	44	1	2	\N	\N
407	4	7	2018-10-17	14:30:00	38	2	0	5	\N	\N
408	4	7	2018-10-17	15:00:00	71	57	4	1	\N	\N
409	4	7	2018-10-17	14:30:00	54	59	1	1	\N	\N
410	4	8	2018-10-24	13:30:00	47	36	3	4	\N	\N
411	4	8	2018-10-24	15:00:00	44	38	0	5	\N	\N
412	4	8	2018-10-24	14:00:00	2	71	1	1	\N	\N
413	4	8	2018-10-24	14:00:00	57	54	0	0	\N	\N
414	4	8	2018-10-24	14:30:00	59	55	2	0	\N	\N
415	4	9	2018-10-31	14:30:00	32	55	3	1	\N	\N
416	4	9	2018-10-31	14:30:00	38	47	2	1	\N	\N
417	4	9	2018-10-31	14:45:00	71	44	2	5	\N	\N
418	4	9	2018-10-31	14:30:00	54	2	2	2	\N	\N
419	4	9	2018-10-31	14:00:00	57	59	2	4	\N	\N
420	4	10	2018-11-07	16:00:00	55	36	1	2	\N	\N
421	4	10	2018-11-07	13:30:00	47	71	1	1	\N	\N
422	4	10	2018-11-07	14:30:00	44	54	0	2	\N	\N
423	4	10	2018-11-07	14:00:00	2	57	4	0	\N	\N
424	4	10	2018-11-07	14:30:00	59	32	1	1	\N	\N
425	4	11	2018-11-14	14:30:00	36	32	2	7	\N	\N
426	4	11	2018-11-14	14:30:00	38	55	2	3	\N	\N
427	4	11	2018-11-14	14:30:00	54	47	3	1	\N	\N
428	4	11	2018-11-14	14:00:00	57	44	0	4	\N	\N
429	4	11	2018-11-14	14:00:00	2	59	2	2	\N	\N
430	4	12	2018-12-05	14:00:00	2	44	1	1	\N	\N
431	4	12	2018-12-05	14:00:00	57	47	0	2	\N	\N
432	4	12	2018-12-05	14:45:00	71	55	2	0	\N	\N
433	4	12	2018-12-05	14:30:00	38	32	0	3	\N	\N
434	4	12	2018-12-05	14:30:00	59	36	4	4	\N	\N
435	4	13	2018-12-12	13:30:00	47	2	2	3	\N	\N
436	4	13	2018-12-12	14:30:00	44	59	0	2	\N	\N
437	4	13	2018-12-12	14:30:00	32	71	3	10	\N	\N
438	4	13	2018-12-12	16:00:00	55	54	0	6	\N	\N
439	4	13	2018-12-12	14:30:00	36	38	3	2	\N	\N
440	4	14	2018-12-19	14:30:00	44	47	1	1	\N	\N
441	4	14	2018-12-19	14:00:00	57	55	1	4	\N	\N
442	4	14	2018-12-19	14:30:00	54	32	1	0	\N	\N
443	4	14	2018-12-19	14:45:00	71	36	2	0	\N	\N
444	4	14	2018-12-19	14:30:00	59	38	2	1	\N	\N
445	4	15	2019-01-09	16:00:00	55	2	4	0	\N	\N
446	4	15	2019-01-09	14:30:00	32	57	2	2	\N	\N
447	4	15	2019-01-09	14:30:00	36	54	4	4	\N	\N
448	4	15	2019-01-09	14:30:00	38	71	3	0	\N	\N
449	4	15	2019-01-09	13:30:00	47	59	4	0	\N	\N
450	4	16	2019-01-16	16:00:00	55	44	4	6	\N	\N
451	4	16	2019-01-16	14:00:00	2	32	0	5	\N	\N
452	4	16	2019-01-16	14:00:00	57	36	5	0	\N	\N
453	4	16	2019-01-16	14:30:00	54	38	2	4	\N	\N
454	4	16	2019-01-16	14:30:00	59	71	1	4	\N	\N
455	4	17	2019-01-23	16:00:00	55	47	1	2	\N	\N
456	4	17	2019-01-23	14:30:00	32	44	1	0	\N	\N
457	4	17	2019-01-23	14:30:00	36	2	0	2	\N	\N
458	4	17	2019-01-23	14:30:00	38	57	2	1	\N	\N
459	4	17	2019-01-23	14:45:00	71	54	0	1	\N	\N
460	4	18	2019-01-30	13:30:00	47	32	2	2	\N	\N
461	4	18	2019-01-30	14:30:00	44	36	2	2	\N	\N
462	4	18	2019-01-30	14:00:00	2	38	4	5	\N	\N
463	4	18	2019-01-30	14:00:00	57	71	3	0	\N	\N
464	4	18	2019-01-30	14:30:00	59	54	0	0	\N	\N
465	4	19	2019-02-06	14:30:00	36	47	0	1	\N	\N
466	4	19	2019-02-06	14:30:00	38	44	2	1	\N	\N
467	4	19	2019-02-06	14:45:00	71	2	0	4	\N	\N
468	4	19	2019-02-06	14:30:00	54	57	0	3	\N	\N
469	4	19	2019-02-06	16:00:00	55	59	2	2	\N	\N
470	4	20	2019-04-10	16:00:00	55	32	3	1	\N	\N
471	4	20	2019-04-10	13:30:00	47	38	0	1	\N	\N
472	4	20	2019-04-10	15:00:00	44	71	3	4	\N	\N
473	4	20	2019-04-10	14:00:00	2	54	1	0	\N	\N
474	4	20	2019-04-10	14:30:00	59	57	4	3	\N	\N
475	4	21	2019-04-17	14:30:00	36	55	0	2	\N	\N
476	4	21	2019-04-17	15:00:00	71	47	3	2	\N	\N
477	4	21	2019-04-17	14:30:00	54	44	0	0	\N	\N
478	4	21	2019-04-17	14:00:00	57	2	3	4	\N	\N
479	4	21	2019-04-17	14:30:00	32	59	5	3	\N	\N
480	4	22	2019-04-24	14:30:00	32	36	2	1	\N	\N
481	4	22	2019-04-24	16:00:00	55	38	0	1	\N	\N
482	4	22	2019-04-24	13:30:00	47	54	2	0	\N	\N
483	4	22	2019-04-24	15:00:00	44	57	0	0	\N	\N
484	4	22	2019-04-24	14:30:00	59	2	0	5	\N	\N
485	5	1	2018-09-05	13:00:00	18	6	2	0	\N	\N
486	5	1	2018-09-05	15:30:00	68	60	0	1	\N	\N
487	5	1	2018-09-05	14:00:00	9	37	0	7	\N	\N
488	5	2	2018-09-12	13:00:00	6	68	0	0	\N	\N
489	5	2	2018-09-12	15:30:00	60	11	0	2	\N	\N
490	5	2	2018-09-12	15:00:00	37	14	4	8	\N	\N
491	5	3	2018-09-19	13:00:00	18	20	2	5	\N	\N
492	5	3	2018-09-19	13:30:00	11	6	0	2	\N	\N
493	5	3	2018-09-19	13:45:00	9	60	3	5	\N	\N
494	5	4	2018-09-26	15:30:00	20	68	1	0	\N	\N
495	5	4	2018-09-26	13:00:00	6	9	2	4	\N	\N
496	5	4	2018-09-26	15:30:00	60	14	1	4	\N	\N
497	5	5	2018-10-03	15:30:00	68	18	2	4	\N	\N
498	5	5	2018-10-03	13:30:00	11	20	10	0	\N	\N
499	5	5	2018-10-03	13:30:00	14	6	1	5	\N	\N
500	5	5	2018-10-03	15:00:00	37	60	3	0	\N	\N
501	5	6	2018-10-10	13:00:00	18	11	7	1	\N	\N
502	5	6	2018-10-10	15:30:00	20	9	2	2	\N	\N
503	5	6	2018-10-10	13:00:00	6	37	4	0	\N	\N
504	5	7	2018-10-17	13:30:00	11	68	0	2	\N	\N
505	5	7	2018-10-17	13:45:00	9	18	0	7	\N	\N
506	5	7	2018-10-17	13:30:00	14	20	4	4	\N	\N
507	5	8	2018-10-24	13:45:00	9	68	1	1	\N	\N
508	5	8	2018-10-24	13:00:00	18	14	0	3	\N	\N
509	5	8	2018-10-24	15:30:00	20	37	0	2	\N	\N
510	5	8	2018-10-24	15:30:00	60	6	1	4	\N	\N
511	5	9	2018-10-31	13:45:00	9	11	0	2	\N	\N
512	5	9	2018-10-31	13:00:00	14	68	6	1	\N	\N
513	5	9	2018-10-31	15:00:00	37	18	1	0	\N	\N
514	5	10	2018-11-07	13:00:00	11	14	3	2	\N	\N
515	5	10	2018-11-07	15:30:00	68	37	1	2	\N	\N
516	5	10	2018-11-07	15:30:00	20	60	1	0	\N	\N
517	5	11	2018-11-14	13:00:00	14	9	7	0	\N	\N
518	5	11	2018-11-14	15:00:00	37	11	1	0	\N	\N
519	5	11	2018-11-14	15:30:00	60	18	0	2	\N	\N
520	5	11	2018-11-14	12:00:00	6	20	4	0	\N	\N
521	5	12	2018-12-05	12:00:00	6	18	2	1	\N	\N
522	5	12	2018-12-05	15:30:00	60	68	1	3	\N	\N
523	5	12	2018-12-05	15:00:00	37	9	1	2	\N	\N
524	5	13	2018-12-12	13:00:00	11	60	2	3	\N	\N
525	5	13	2018-12-12	15:30:00	68	6	2	2	\N	\N
526	5	13	2018-12-12	13:00:00	14	37	0	0	\N	\N
527	5	14	2018-12-19	15:30:00	20	18	3	5	\N	\N
528	5	14	2018-12-19	12:00:00	6	11	3	2	\N	\N
529	5	14	2018-12-19	00:00:00	60	9	5	2	\N	\N
530	5	15	2019-01-09	15:30:00	68	20	0	4	\N	\N
531	5	15	2019-01-09	13:45:00	9	6	0	2	\N	\N
532	5	15	2019-01-09	13:00:00	14	60	2	2	\N	\N
533	5	16	2019-01-16	13:00:00	18	68	3	0	\N	\N
534	5	16	2019-01-16	15:30:00	20	11	4	0	\N	\N
535	5	16	2019-01-16	12:00:00	6	14	2	1	\N	\N
536	5	16	2019-01-16	15:30:00	60	37	0	0	\N	\N
537	5	17	2019-01-23	13:00:00	11	18	5	2	\N	\N
538	5	17	2019-01-23	13:45:00	9	20	2	1	\N	\N
539	5	17	2019-01-23	15:00:00	37	6	0	1	\N	\N
540	5	18	2019-01-30	15:30:00	68	11	3	3	\N	\N
541	5	18	2019-01-30	13:00:00	18	9	0	3	\N	\N
542	5	18	2019-01-30	15:30:00	20	14	0	3	\N	\N
543	5	19	2019-02-06	15:30:00	68	9	8	1	\N	\N
544	5	19	2019-02-06	13:00:00	14	18	3	1	\N	\N
545	5	19	2019-02-06	15:00:00	37	20	1	0	\N	\N
546	5	19	2019-02-06	12:00:00	6	60	4	2	\N	\N
547	5	20	2019-04-10	13:30:00	11	9	2	1	\N	\N
548	5	20	2019-04-10	15:30:00	68	14	0	4	\N	\N
549	5	20	2019-04-10	13:00:00	18	37	10	0	\N	\N
550	5	21	2019-04-17	00:00:00	14	11	1	0	\N	\N
551	5	21	2019-04-17	15:00:00	37	68	0	9	\N	\N
552	5	21	2019-04-17	15:30:00	60	20	2	2	\N	\N
553	5	22	2019-04-24	13:45:00	9	14	0	0	\N	\N
554	5	22	2019-04-24	13:30:00	11	37	0	3	\N	\N
555	5	22	2019-04-24	13:00:00	18	60	0	9	\N	\N
556	5	22	2019-04-24	15:30:00	20	6	2	3	\N	\N
557	6	1	2018-09-04	20:00:00	26	65	2	1	\N	\N
558	6	1	2018-09-04	20:00:00	41	70	0	1	\N	\N
559	6	1	2018-09-04	20:00:00	21	28	0	2	\N	\N
560	6	1	2018-09-04	20:00:00	69	24	0	3	\N	\N
561	6	1	2018-09-04	20:00:00	23	27	0	5	\N	\N
562	6	1	2018-09-04	20:00:00	46	66	2	1	\N	\N
563	6	1	2018-09-04	20:00:00	62	22	5	0	\N	\N
564	6	1	2018-09-04	20:00:00	40	25	0	0	\N	\N
565	6	2	2018-09-11	20:00:00	65	41	0	5	\N	\N
566	6	2	2018-09-11	20:00:00	70	21	0	0	\N	\N
567	6	2	2018-09-11	20:00:00	28	69	3	8	\N	\N
568	6	2	2018-09-11	20:00:00	24	23	1	0	\N	\N
569	6	2	2018-09-11	20:00:00	27	46	1	1	\N	\N
570	6	2	2018-09-11	20:00:00	66	62	0	4	\N	\N
571	6	2	2018-09-11	20:00:00	22	40	5	3	\N	\N
572	6	2	2018-09-11	20:00:00	25	26	5	0	\N	\N
573	6	3	2018-09-18	20:00:00	41	26	7	2	\N	\N
574	6	3	2018-09-18	20:00:00	65	21	0	4	\N	\N
575	6	3	2018-09-18	20:00:00	69	70	2	5	\N	\N
576	6	3	2018-09-18	20:00:00	23	28	1	5	\N	\N
577	6	3	2018-09-18	20:00:00	46	24	1	1	\N	\N
578	6	3	2018-09-18	20:00:00	62	27	5	4	\N	\N
579	6	3	2018-09-18	20:00:00	40	66	1	5	\N	\N
580	6	3	2018-09-18	20:00:00	22	25	2	4	\N	\N
581	6	4	2018-09-25	20:00:00	26	21	2	2	\N	\N
582	6	4	2018-09-25	20:00:00	65	69	0	3	\N	\N
583	6	4	2018-09-25	20:00:00	70	23	0	2	\N	\N
584	6	4	2018-09-25	20:00:00	28	46	0	0	\N	\N
585	6	4	2018-09-25	20:00:00	24	62	5	5	\N	\N
586	6	4	2018-09-25	20:00:00	27	40	0	1	\N	\N
587	6	4	2018-09-25	20:00:00	66	22	2	1	\N	\N
588	6	4	2018-09-25	00:00:00	25	41	10	0	\N	\N
589	6	5	2018-10-02	20:00:00	21	41	4	3	\N	\N
590	6	5	2018-10-02	20:00:00	69	26	3	1	\N	\N
591	6	5	2018-10-02	20:00:00	65	23	4	0	\N	\N
592	6	5	2018-10-02	20:00:00	46	70	1	2	\N	\N
593	6	5	2018-10-02	20:00:00	62	28	3	2	\N	\N
594	6	5	2018-10-02	20:00:00	40	24	0	0	\N	\N
595	6	5	2018-10-02	20:00:00	22	27	1	0	\N	\N
596	6	5	2018-10-02	20:00:00	66	25	2	5	\N	\N
597	6	6	2018-10-09	20:00:00	41	69	3	0	\N	\N
598	6	6	2018-10-09	20:00:00	26	23	4	1	\N	\N
599	6	6	2018-10-09	20:00:00	65	46	0	0	\N	\N
600	6	6	2018-10-09	20:00:00	62	70	1	1	\N	\N
601	6	6	2018-10-09	20:00:00	28	40	3	2	\N	\N
602	6	6	2018-10-09	20:00:00	24	22	1	0	\N	\N
603	6	6	2018-10-09	20:00:00	66	27	0	1	\N	\N
604	6	6	2018-10-09	20:00:00	25	21	0	0	\N	\N
605	6	7	2018-10-16	00:00:00	69	21	4	2	\N	\N
606	6	7	2018-10-16	20:00:00	23	41	0	6	\N	\N
607	6	7	2018-10-16	20:00:00	26	46	0	2	\N	\N
608	6	7	2018-10-16	20:00:00	65	62	5	1	\N	\N
609	6	7	2018-10-16	20:00:00	40	70	0	6	\N	\N
610	6	7	2018-10-16	20:00:00	22	28	1	3	\N	\N
611	6	7	2018-10-16	20:00:00	24	66	2	1	\N	\N
612	6	7	2018-10-16	20:00:00	27	25	3	4	\N	\N
613	6	8	2018-10-23	20:00:00	21	23	1	1	\N	\N
614	6	8	2018-10-23	20:00:00	41	46	1	0	\N	\N
615	6	8	2018-10-23	20:00:00	26	62	3	1	\N	\N
616	6	8	2018-10-23	20:00:00	65	40	1	1	\N	\N
617	6	8	2018-10-23	20:00:00	70	22	0	2	\N	\N
618	6	8	2018-10-23	20:00:00	66	28	2	1	\N	\N
619	6	8	2018-10-23	20:00:00	24	27	0	4	\N	\N
620	6	8	2018-10-23	20:00:00	25	69	2	7	\N	\N
621	6	9	2018-10-30	20:00:00	23	69	3	0	\N	\N
622	6	9	2018-10-30	20:00:00	46	21	5	0	\N	\N
623	6	9	2018-10-30	20:00:00	62	41	0	1	\N	\N
624	6	9	2018-10-30	20:00:00	40	26	1	2	\N	\N
625	6	9	2018-10-30	20:00:00	22	65	0	1	\N	\N
626	6	9	2018-10-30	20:00:00	66	70	2	0	\N	\N
627	6	9	2018-10-30	20:00:00	27	28	1	6	\N	\N
628	6	9	2018-10-30	20:00:00	24	25	1	3	\N	\N
629	6	10	2018-11-06	20:00:00	69	46	0	0	\N	\N
630	6	10	2018-11-06	20:00:00	21	62	0	2	\N	\N
631	6	10	2018-11-06	20:00:00	41	40	0	5	\N	\N
632	6	10	2018-11-06	20:00:00	26	22	0	5	\N	\N
633	6	10	2018-11-06	20:00:00	65	66	1	0	\N	\N
634	6	10	2018-11-06	20:00:00	70	27	0	1	\N	\N
635	6	10	2018-11-06	20:00:00	28	24	1	2	\N	\N
636	6	10	2018-11-06	20:00:00	25	23	0	1	\N	\N
637	6	11	2018-11-13	20:00:00	46	23	0	3	\N	\N
638	6	11	2018-11-13	20:00:00	62	69	2	2	\N	\N
639	6	11	2018-11-13	20:00:00	40	21	0	0	\N	\N
640	6	11	2018-11-13	20:00:00	22	41	0	3	\N	\N
641	6	11	2018-11-13	20:00:00	66	26	3	0	\N	\N
642	6	11	2018-11-13	20:00:00	27	65	2	2	\N	\N
643	6	11	2018-11-13	00:00:00	24	70	1	0	\N	\N
644	6	11	2018-11-13	20:00:00	28	25	0	0	\N	\N
645	6	12	2018-11-20	20:00:00	23	62	4	0	\N	\N
646	6	12	2018-11-20	20:00:00	69	40	1	2	\N	\N
647	6	12	2018-11-20	20:00:00	21	22	0	1	\N	\N
648	6	12	2018-11-20	20:00:00	41	66	0	1	\N	\N
649	6	12	2018-11-20	00:00:00	26	27	0	2	\N	\N
650	6	12	2018-11-20	20:00:00	65	24	0	2	\N	\N
651	6	12	2018-11-20	20:00:00	70	28	7	2	\N	\N
652	6	12	2018-11-20	20:00:00	25	46	2	1	\N	\N
653	6	13	2018-11-27	20:00:00	62	46	2	3	\N	\N
654	6	13	2018-11-27	20:00:00	40	23	1	0	\N	\N
655	6	13	2018-11-27	20:00:00	22	69	1	5	\N	\N
656	6	13	2018-11-27	20:00:00	66	21	1	0	\N	\N
657	6	13	2018-11-27	20:00:00	27	41	5	2	\N	\N
658	6	13	2018-11-27	20:00:00	26	24	1	4	\N	\N
659	6	13	2018-11-27	20:00:00	28	65	2	4	\N	\N
660	6	13	2018-11-27	20:00:00	70	25	10	2	\N	\N
661	6	14	2018-12-04	20:00:00	46	40	4	4	\N	\N
662	6	14	2018-12-04	20:00:00	23	22	2	1	\N	\N
663	6	14	2018-12-04	20:00:00	69	66	0	2	\N	\N
664	6	14	2018-12-04	20:00:00	21	27	0	8	\N	\N
665	6	14	2018-12-04	20:00:00	24	41	1	10	\N	\N
666	6	14	2018-12-04	20:00:00	26	28	4	3	\N	\N
667	6	14	2018-12-04	20:00:00	65	70	1	0	\N	\N
668	6	14	2018-12-04	20:00:00	25	62	0	0	\N	\N
669	6	15	2018-12-11	20:00:00	40	62	4	0	\N	\N
670	6	15	2018-12-11	20:00:00	28	41	0	0	\N	\N
671	6	15	2018-12-11	20:00:00	27	69	2	0	\N	\N
672	6	15	2018-12-11	20:00:00	66	23	1	1	\N	\N
673	6	15	2018-12-11	20:00:00	22	46	2	0	\N	\N
674	6	15	2018-12-11	20:00:00	24	21	10	0	\N	\N
675	6	15	2018-12-11	20:00:00	26	70	1	2	\N	\N
676	6	15	2018-12-11	20:00:00	65	25	2	0	\N	\N
677	6	16	2018-12-18	20:00:00	65	26	0	0	\N	\N
678	6	16	2018-12-18	20:00:00	70	41	1	1	\N	\N
679	6	16	2018-12-18	20:00:00	28	21	0	0	\N	\N
680	6	16	2018-12-18	20:00:00	24	69	0	2	\N	\N
681	6	16	2018-12-18	20:00:00	27	23	7	0	\N	\N
682	6	16	2018-12-18	20:00:00	66	46	1	3	\N	\N
683	6	16	2018-12-18	00:00:00	22	62	5	3	\N	\N
684	6	16	2018-12-18	20:00:00	25	40	2	1	\N	\N
685	6	17	2019-01-08	20:00:00	41	65	4	4	\N	\N
686	6	17	2019-01-08	20:00:00	21	70	1	0	\N	\N
687	6	17	2019-01-08	20:00:00	69	28	1	0	\N	\N
688	6	17	2019-01-08	20:00:00	23	24	4	2	\N	\N
689	6	17	2019-01-08	20:00:00	46	27	2	2	\N	\N
690	6	17	2019-01-08	20:00:00	62	66	2	1	\N	\N
691	6	17	2019-01-08	20:00:00	40	22	1	1	\N	\N
692	6	17	2019-01-08	20:00:00	26	25	1	0	\N	\N
693	6	18	2019-01-15	20:00:00	26	41	0	0	\N	\N
694	6	18	2019-01-15	20:00:00	21	65	0	2	\N	\N
695	6	18	2019-01-15	20:00:00	70	69	1	0	\N	\N
696	6	18	2019-01-15	00:00:00	28	23	4	0	\N	\N
697	6	18	2019-01-15	20:00:00	24	46	5	0	\N	\N
698	6	18	2019-01-15	20:00:00	27	62	0	2	\N	\N
699	6	18	2019-01-15	20:00:00	66	40	0	1	\N	\N
700	6	18	2019-01-15	20:00:00	25	22	5	2	\N	\N
701	6	19	2019-01-22	20:00:00	21	26	10	0	\N	\N
702	6	19	2019-01-22	20:00:00	69	65	2	0	\N	\N
703	6	19	2019-01-22	20:00:00	23	70	4	0	\N	\N
704	6	19	2019-01-22	20:00:00	46	28	0	0	\N	\N
705	6	19	2019-01-22	20:00:00	62	24	0	0	\N	\N
706	6	19	2019-01-22	20:00:00	40	27	0	2	\N	\N
707	6	19	2019-01-22	20:00:00	22	66	5	0	\N	\N
708	6	19	2019-01-22	20:00:00	41	25	3	3	\N	\N
709	6	20	2019-01-29	20:00:00	41	21	0	0	\N	\N
710	6	20	2019-01-29	20:00:00	26	69	2	1	\N	\N
711	6	20	2019-01-29	20:00:00	23	65	0	1	\N	\N
712	6	20	2019-01-29	20:00:00	70	46	1	2	\N	\N
713	6	20	2019-01-29	20:00:00	28	62	0	1	\N	\N
714	6	20	2019-01-29	20:00:00	24	40	0	0	\N	\N
715	6	20	2019-01-29	20:00:00	27	22	2	1	\N	\N
716	6	20	2019-01-29	20:00:00	25	66	0	0	\N	\N
717	6	21	2019-02-05	20:00:00	69	41	4	0	\N	\N
718	6	21	2019-02-05	20:00:00	23	26	1	0	\N	\N
719	6	21	2019-02-05	20:00:00	46	65	10	0	\N	\N
720	6	21	2019-02-05	20:00:00	70	62	0	4	\N	\N
721	6	21	2019-02-05	20:00:00	40	28	1	1	\N	\N
722	6	21	2019-02-05	20:00:00	22	24	2	3	\N	\N
723	6	21	2019-02-05	20:00:00	27	66	0	4	\N	\N
724	6	21	2019-02-05	20:00:00	21	25	2	3	\N	\N
725	6	22	2019-02-12	20:00:00	21	69	3	1	\N	\N
726	6	22	2019-02-12	20:00:00	41	23	0	0	\N	\N
727	6	22	2019-02-12	20:00:00	46	26	0	1	\N	\N
728	6	22	2019-02-12	20:00:00	62	65	3	2	\N	\N
729	6	22	2019-02-12	20:00:00	70	40	0	4	\N	\N
730	6	22	2019-02-12	20:00:00	28	22	4	1	\N	\N
731	6	22	2019-02-12	20:00:00	66	24	4	3	\N	\N
732	6	22	2019-02-12	20:00:00	25	27	0	0	\N	\N
733	6	23	2019-02-19	20:00:00	23	21	2	1	\N	\N
734	6	23	2019-02-19	20:00:00	46	41	4	0	\N	\N
735	6	23	2019-02-19	20:00:00	62	26	2	2	\N	\N
736	6	23	2019-02-19	20:00:00	40	65	1	8	\N	\N
737	6	23	2019-02-19	20:00:00	22	70	1	2	\N	\N
738	6	23	2019-02-19	20:00:00	28	66	1	0	\N	\N
739	6	23	2019-02-19	20:00:00	27	24	6	1	\N	\N
740	6	23	2019-02-19	20:00:00	69	25	1	6	\N	\N
741	6	24	2019-02-26	20:00:00	69	23	0	4	\N	\N
742	6	24	2019-02-26	20:00:00	21	46	3	3	\N	\N
743	6	24	2019-02-26	20:00:00	41	62	2	0	\N	\N
744	6	24	2019-02-26	20:00:00	26	40	1	2	\N	\N
745	6	24	2019-02-26	20:00:00	65	22	4	4	\N	\N
746	6	24	2019-02-26	20:00:00	70	66	2	0	\N	\N
747	6	24	2019-02-26	20:00:00	28	27	0	1	\N	\N
748	6	24	2019-02-26	20:00:00	25	24	2	0	\N	\N
749	6	25	2019-03-05	20:00:00	46	69	2	2	\N	\N
750	6	25	2019-03-05	20:00:00	62	21	6	5	\N	\N
751	6	25	2019-03-05	20:00:00	40	41	3	1	\N	\N
752	6	25	2019-03-05	20:00:00	22	26	2	0	\N	\N
753	6	25	2019-03-05	20:00:00	66	65	0	3	\N	\N
754	6	25	2019-03-05	20:00:00	27	70	1	1	\N	\N
755	6	25	2019-03-05	00:00:00	24	28	3	0	\N	\N
756	6	25	2019-03-05	20:00:00	23	25	2	1	\N	\N
757	6	26	2019-03-12	20:00:00	23	46	0	2	\N	\N
758	6	26	2019-03-12	20:00:00	69	62	1	0	\N	\N
759	6	26	2019-03-12	20:00:00	21	40	0	1	\N	\N
760	6	26	2019-03-12	20:00:00	41	22	0	2	\N	\N
761	6	26	2019-03-12	20:00:00	26	66	9	1	\N	\N
762	6	26	2019-03-12	20:00:00	65	27	3	0	\N	\N
763	6	26	2019-03-12	20:00:00	70	24	0	2	\N	\N
764	6	26	2019-03-12	20:00:00	25	28	2	2	\N	\N
765	6	27	2019-03-19	20:00:00	62	23	4	2	\N	\N
766	6	27	2019-03-19	20:00:00	40	69	2	0	\N	\N
767	6	27	2019-03-19	20:00:00	22	21	1	3	\N	\N
768	6	27	2019-03-19	20:00:00	66	41	0	1	\N	\N
769	6	27	2019-03-19	20:00:00	27	26	3	0	\N	\N
770	6	27	2019-03-19	20:00:00	24	65	4	1	\N	\N
771	6	27	2019-03-19	20:00:00	28	70	2	2	\N	\N
772	6	27	2019-03-19	20:00:00	46	25	2	2	\N	\N
773	6	28	2019-03-26	20:00:00	46	62	0	1	\N	\N
774	6	28	2019-03-26	20:00:00	23	40	0	0	\N	\N
775	6	28	2019-03-26	20:00:00	69	22	3	5	\N	\N
776	6	28	2019-03-26	20:00:00	21	66	5	1	\N	\N
777	6	28	2019-03-26	20:00:00	41	27	3	10	\N	\N
778	6	28	2019-03-26	20:00:00	24	26	3	5	\N	\N
779	6	28	2019-03-26	20:00:00	65	28	4	0	\N	\N
780	6	28	2019-03-26	20:00:00	25	70	6	0	\N	\N
781	6	29	2019-04-16	20:00:00	40	46	1	3	\N	\N
782	6	29	2019-04-16	20:00:00	22	23	1	6	\N	\N
783	6	29	2019-04-16	20:00:00	66	69	1	3	\N	\N
784	6	29	2019-04-16	20:00:00	27	21	0	0	\N	\N
785	6	29	2019-04-16	20:00:00	41	24	4	3	\N	\N
786	6	29	2019-04-16	20:00:00	28	26	1	4	\N	\N
787	6	29	2019-04-16	20:00:00	70	65	0	2	\N	\N
788	6	29	2019-04-16	20:00:00	62	25	0	0	\N	\N
789	6	30	2019-04-23	20:00:00	62	40	1	0	\N	\N
790	6	30	2019-04-23	20:00:00	46	22	0	1	\N	\N
791	6	30	2019-04-23	20:00:00	23	66	0	8	\N	\N
792	6	30	2019-04-23	20:00:00	69	27	2	0	\N	\N
793	6	30	2019-04-23	20:00:00	21	24	3	0	\N	\N
794	6	30	2019-04-23	20:00:00	41	28	4	2	\N	\N
795	6	30	2019-04-23	20:00:00	70	26	2	3	\N	\N
796	6	30	2019-04-23	20:00:00	25	65	4	1	\N	\N
797	1	1	2019-09-05	14:30:00	33	67	0	4	\N	\N
798	1	1	2019-09-05	15:00:00	17	52	2	1	\N	\N
799	1	1	2019-09-05	14:30:00	16	49	0	2	\N	\N
800	1	1	2019-09-05	15:30:00	10	56	4	3	\N	\N
801	1	1	2019-09-05	16:00:00	8	30	9	5	\N	\N
802	1	1	2019-09-05	15:30:00	13	4	3	1	\N	\N
803	1	2	2019-09-12	14:30:00	67	17	1	1	\N	\N
804	1	2	2019-09-12	14:30:00	52	16	2	2	\N	\N
805	1	2	2019-09-12	14:30:00	49	10	2	3	\N	\N
806	1	2	2019-09-12	14:30:00	56	8	0	3	\N	\N
807	1	2	2019-09-12	14:00:00	30	13	2	2	\N	\N
808	1	2	2019-09-12	14:30:00	4	33	1	2	\N	\N
809	1	3	2019-09-19	15:00:00	17	33	2	2	\N	\N
810	1	3	2019-09-19	14:30:00	16	67	2	3	\N	\N
811	1	3	2019-09-19	15:30:00	10	52	1	1	\N	\N
812	1	3	2019-09-19	16:00:00	8	49	3	0	\N	\N
813	1	3	2019-09-19	15:30:00	13	56	3	0	\N	\N
814	1	3	2019-09-19	14:00:00	30	4	0	0	\N	\N
815	1	4	2019-09-26	14:30:00	33	16	0	0	\N	\N
816	1	4	2019-09-26	14:30:00	67	10	1	0	\N	\N
817	1	4	2019-09-26	14:30:00	52	8	1	4	\N	\N
818	1	4	2019-09-26	14:30:00	49	13	2	4	\N	\N
819	1	4	2019-09-26	14:30:00	56	30	4	0	\N	\N
820	1	4	2019-09-26	14:30:00	4	17	2	0	\N	\N
821	1	5	2019-10-03	14:30:00	16	17	1	1	\N	\N
822	1	5	2019-10-03	15:30:00	10	33	4	4	\N	\N
823	1	5	2019-10-03	16:00:00	8	67	3	1	\N	\N
824	1	5	2019-10-03	15:30:00	13	52	4	8	\N	\N
825	1	5	2019-10-03	14:00:00	30	49	1	9	\N	\N
826	1	5	2019-10-03	14:30:00	56	4	0	8	\N	\N
827	1	6	2019-10-10	15:00:00	17	10	0	2	\N	\N
828	1	6	2019-10-10	14:30:00	33	8	3	3	\N	\N
829	1	6	2019-10-10	14:30:00	67	13	4	1	\N	\N
830	1	6	2019-10-10	14:30:00	52	30	2	1	\N	\N
831	1	6	2019-10-10	14:30:00	56	49	4	0	\N	\N
832	1	6	2019-10-10	14:30:00	4	16	5	2	\N	\N
833	1	7	2019-10-17	15:30:00	10	16	0	4	\N	\N
834	1	7	2019-10-17	16:00:00	8	17	4	1	\N	\N
835	1	7	2019-10-17	15:30:00	13	33	4	0	\N	\N
836	1	7	2019-10-17	14:00:00	30	67	2	0	\N	\N
837	1	7	2019-10-17	15:00:00	56	52	6	5	\N	\N
838	1	7	2019-10-17	14:30:00	49	4	3	0	\N	\N
839	1	8	2019-10-24	16:00:00	8	16	0	0	\N	\N
840	1	8	2019-10-24	15:00:00	17	13	0	2	\N	\N
841	1	8	2019-10-24	14:30:00	33	30	2	3	\N	\N
842	1	8	2019-10-24	14:30:00	67	56	0	1	\N	\N
843	1	8	2019-10-24	14:30:00	52	49	1	4	\N	\N
844	1	8	2019-10-24	14:30:00	4	10	1	0	\N	\N
845	1	9	2019-10-31	16:00:00	8	10	1	2	\N	\N
846	1	9	2019-10-31	14:45:00	13	16	0	1	\N	\N
847	1	9	2019-10-31	14:00:00	30	17	0	2	\N	\N
848	1	9	2019-10-31	15:00:00	56	33	6	6	\N	\N
849	1	9	2019-10-31	14:30:00	49	67	2	2	\N	\N
850	1	9	2019-10-31	14:30:00	52	4	2	1	\N	\N
851	1	10	2019-11-07	14:45:00	10	13	6	9	\N	\N
852	1	10	2019-11-07	14:30:00	16	30	4	7	\N	\N
853	1	10	2019-11-07	14:45:00	17	56	2	0	\N	\N
854	1	10	2019-11-07	14:30:00	49	33	1	2	\N	\N
855	1	10	2019-11-07	14:30:00	67	52	1	10	\N	\N
856	1	10	2019-11-07	14:30:00	4	8	1	1	\N	\N
857	1	11	2019-11-14	14:45:00	13	8	0	7	\N	\N
858	1	11	2019-11-14	14:00:00	30	10	3	3	\N	\N
859	1	11	2019-11-14	15:00:00	56	16	0	1	\N	\N
860	1	11	2019-11-14	14:30:00	49	17	0	2	\N	\N
861	1	11	2019-11-14	14:30:00	52	33	0	3	\N	\N
862	1	11	2019-11-14	14:30:00	67	4	2	3	\N	\N
863	1	12	2019-12-05	14:30:00	67	33	6	0	\N	\N
864	1	12	2019-12-05	14:30:00	52	17	4	2	\N	\N
865	1	12	2019-12-05	14:30:00	49	16	3	1	\N	\N
866	1	12	2019-12-05	15:00:00	56	10	0	0	\N	\N
867	1	12	2019-12-05	14:00:00	30	8	0	0	\N	\N
868	1	12	2019-12-05	14:30:00	4	13	1	1	\N	\N
869	1	13	2019-12-12	14:45:00	17	67	7	3	\N	\N
870	1	13	2019-12-12	14:30:00	33	4	3	3	\N	\N
871	1	13	2019-12-12	16:00:00	8	56	2	2	\N	\N
872	1	13	2019-12-12	14:45:00	10	49	0	10	\N	\N
873	1	13	2019-12-12	14:30:00	16	52	0	0	\N	\N
874	1	13	2019-12-12	14:45:00	13	30	5	0	\N	\N
875	1	14	2019-12-19	14:30:00	33	17	0	4	\N	\N
876	1	14	2019-12-19	14:30:00	67	16	4	0	\N	\N
877	1	14	2019-12-19	14:30:00	52	10	3	1	\N	\N
878	1	14	2019-12-19	14:30:00	49	8	4	0	\N	\N
879	1	14	2019-12-19	15:00:00	56	13	0	0	\N	\N
880	1	14	2019-12-19	14:30:00	4	30	4	0	\N	\N
881	1	15	2020-01-09	14:30:00	16	33	0	1	\N	\N
882	1	15	2020-01-09	14:45:00	10	67	2	0	\N	\N
883	1	15	2020-01-09	16:00:00	8	52	5	0	\N	\N
884	1	15	2020-01-09	14:45:00	13	49	1	6	\N	\N
885	1	15	2020-01-09	14:00:00	30	56	2	0	\N	\N
886	1	15	2020-01-09	14:45:00	17	4	4	0	\N	\N
887	1	16	2020-01-16	14:45:00	17	16	1	4	\N	\N
888	1	16	2020-01-16	14:30:00	33	10	1	0	\N	\N
889	1	16	2020-01-16	14:30:00	67	8	0	5	\N	\N
890	1	16	2020-01-16	14:30:00	52	13	4	2	\N	\N
891	1	16	2020-01-16	14:30:00	49	30	0	9	\N	\N
892	1	16	2020-01-16	14:30:00	4	56	1	4	\N	\N
893	1	17	2020-01-23	14:45:00	10	17	2	3	\N	\N
894	1	17	2020-01-23	16:00:00	8	33	4	2	\N	\N
895	1	17	2020-01-23	14:45:00	13	67	2	0	\N	\N
896	1	17	2020-01-23	14:00:00	30	52	2	0	\N	\N
897	1	17	2020-01-23	14:30:00	49	56	1	0	\N	\N
898	1	17	2020-01-23	14:30:00	16	4	0	2	\N	\N
899	1	18	2020-01-30	14:30:00	16	10	3	0	\N	\N
900	1	18	2020-01-30	14:45:00	17	8	2	0	\N	\N
901	1	18	2020-01-30	14:30:00	33	13	4	2	\N	\N
902	1	18	2020-01-30	14:30:00	67	30	0	0	\N	\N
903	1	18	2020-01-30	14:30:00	52	56	1	3	\N	\N
904	1	18	2020-01-30	14:30:00	4	49	1	4	\N	\N
905	1	19	2020-02-06	14:30:00	16	8	2	0	\N	\N
906	1	19	2020-02-06	14:45:00	13	17	2	3	\N	\N
907	1	19	2020-02-06	14:00:00	30	33	4	4	\N	\N
908	1	19	2020-02-06	15:00:00	56	67	0	8	\N	\N
909	1	19	2020-02-06	14:30:00	49	52	0	6	\N	\N
910	1	19	2020-02-06	14:45:00	10	4	8	0	\N	\N
911	1	20	2020-04-10	15:30:00	10	8	2	2	\N	\N
912	1	20	2020-04-10	14:30:00	16	13	2	4	\N	\N
913	1	20	2020-04-10	15:00:00	17	30	0	3	\N	\N
914	1	20	2020-04-10	14:30:00	33	56	2	2	\N	\N
915	1	20	2020-04-10	14:30:00	67	49	4	4	\N	\N
916	1	20	2020-04-10	14:30:00	4	52	4	8	\N	\N
917	1	21	2020-04-17	00:00:00	13	10	0	3	\N	\N
918	1	21	2020-04-17	14:00:00	30	16	0	3	\N	\N
919	1	21	2020-04-17	15:00:00	56	17	1	0	\N	\N
920	1	21	2020-04-17	14:30:00	49	33	0	3	\N	\N
921	1	21	2020-04-17	14:30:00	52	67	0	5	\N	\N
922	1	21	2020-04-17	16:00:00	8	4	0	4	\N	\N
923	1	22	2020-04-24	16:00:00	8	13	0	1	\N	\N
924	1	22	2020-04-24	15:30:00	10	30	3	1	\N	\N
925	1	22	2020-04-24	14:30:00	16	56	8	1	\N	\N
926	1	22	2020-04-24	15:00:00	17	49	3	1	\N	\N
927	1	22	2020-04-24	14:30:00	33	52	5	2	\N	\N
928	1	22	2020-04-24	14:30:00	4	67	0	5	\N	\N
929	2	1	2019-09-05	13:30:00	19	29	0	4	\N	\N
930	2	1	2019-09-05	14:30:00	42	5	1	5	\N	\N
931	2	1	2019-09-05	13:30:00	48	3	0	4	\N	\N
932	2	1	2019-09-05	14:30:00	43	50	3	0	\N	\N
933	2	1	2019-09-05	15:00:00	64	1	0	1	\N	\N
934	2	1	2019-09-05	14:00:00	51	58	2	3	\N	\N
935	2	2	2019-09-12	15:00:00	29	42	0	1	\N	\N
936	2	2	2019-09-12	16:00:00	5	48	0	9	\N	\N
937	2	2	2019-09-12	13:30:00	3	43	2	1	\N	\N
938	2	2	2019-09-12	13:30:00	50	64	0	0	\N	\N
939	2	2	2019-09-12	17:00:00	1	51	4	1	\N	\N
940	2	2	2019-09-12	14:30:00	58	19	4	0	\N	\N
941	2	3	2019-09-19	14:30:00	42	19	0	3	\N	\N
942	2	3	2019-09-19	13:30:00	48	29	0	2	\N	\N
943	2	3	2019-09-19	14:30:00	43	5	1	0	\N	\N
944	2	3	2019-09-19	15:00:00	64	3	2	2	\N	\N
945	2	3	2019-09-19	14:00:00	51	50	2	3	\N	\N
946	2	3	2019-09-19	17:00:00	1	58	0	1	\N	\N
947	2	4	2019-09-26	13:30:00	19	48	0	2	\N	\N
948	2	4	2019-09-26	15:00:00	29	43	1	1	\N	\N
949	2	4	2019-09-26	16:00:00	5	64	0	1	\N	\N
950	2	4	2019-09-26	00:00:00	3	51	0	3	\N	\N
951	2	4	2019-09-26	13:30:00	50	1	2	0	\N	\N
952	2	4	2019-09-26	14:30:00	58	42	4	0	\N	\N
953	2	5	2019-10-03	13:30:00	48	42	3	2	\N	\N
954	2	5	2019-10-03	14:30:00	43	19	0	0	\N	\N
955	2	5	2019-10-03	15:00:00	64	29	0	2	\N	\N
956	2	5	2019-10-03	14:00:00	51	5	5	0	\N	\N
957	2	5	2019-10-03	17:00:00	1	3	0	0	\N	\N
958	2	5	2019-10-03	13:30:00	50	58	3	1	\N	\N
959	2	6	2019-10-10	14:30:00	42	43	0	0	\N	\N
960	2	6	2019-10-10	13:30:00	19	64	4	0	\N	\N
961	2	6	2019-10-10	15:00:00	29	51	5	2	\N	\N
962	2	6	2019-10-10	16:00:00	5	1	0	1	\N	\N
963	2	6	2019-10-10	13:30:00	3	50	5	5	\N	\N
964	2	6	2019-10-10	14:30:00	58	48	4	5	\N	\N
965	2	7	2019-10-17	14:30:00	43	48	0	2	\N	\N
966	2	7	2019-10-17	15:00:00	64	42	5	0	\N	\N
967	2	7	2019-10-17	14:00:00	51	19	4	2	\N	\N
968	2	7	2019-10-17	17:00:00	1	29	0	2	\N	\N
969	2	7	2019-10-17	13:30:00	50	5	2	2	\N	\N
970	2	7	2019-10-17	13:30:00	3	58	2	0	\N	\N
971	2	8	2019-10-24	15:00:00	64	48	0	0	\N	\N
972	2	8	2019-10-24	14:30:00	42	51	5	1	\N	\N
973	2	8	2019-10-24	13:30:00	19	1	2	3	\N	\N
974	2	8	2019-10-24	15:00:00	29	50	0	0	\N	\N
975	2	8	2019-10-24	13:30:00	3	5	2	1	\N	\N
976	2	8	2019-10-24	00:00:00	58	43	2	1	\N	\N
977	2	9	2019-10-31	15:00:00	64	43	5	2	\N	\N
978	2	9	2019-10-31	14:00:00	51	48	0	0	\N	\N
979	2	9	2019-10-31	17:00:00	1	42	0	3	\N	\N
980	2	9	2019-10-31	13:30:00	50	19	0	0	\N	\N
981	2	9	2019-10-31	13:30:00	3	29	4	5	\N	\N
982	2	9	2019-10-31	14:45:00	5	58	0	1	\N	\N
983	2	10	2019-11-07	14:30:00	43	51	3	5	\N	\N
984	2	10	2019-11-07	13:30:00	48	1	0	0	\N	\N
985	2	10	2019-11-07	14:30:00	42	50	1	3	\N	\N
986	2	10	2019-11-07	13:30:00	19	3	1	3	\N	\N
987	2	10	2019-11-07	14:45:00	29	5	2	4	\N	\N
988	2	10	2019-11-07	14:30:00	58	64	2	3	\N	\N
989	2	11	2019-11-14	14:00:00	51	64	2	2	\N	\N
990	2	11	2019-11-14	17:00:00	1	43	0	0	\N	\N
991	2	11	2019-11-14	13:30:00	50	48	5	0	\N	\N
992	2	11	2019-11-14	13:30:00	3	42	1	1	\N	\N
993	2	11	2019-11-14	14:45:00	5	19	4	1	\N	\N
994	2	11	2019-11-14	14:45:00	29	58	0	1	\N	\N
995	2	12	2019-12-05	14:45:00	29	19	1	7	\N	\N
996	2	12	2019-12-05	14:45:00	5	42	0	2	\N	\N
997	2	12	2019-12-05	13:30:00	3	48	5	3	\N	\N
998	2	12	2019-12-05	13:30:00	50	43	0	4	\N	\N
999	2	12	2019-12-05	17:00:00	1	64	2	2	\N	\N
1000	2	12	2019-12-05	14:30:00	58	51	0	3	\N	\N
1001	2	13	2019-12-12	14:30:00	42	29	0	5	\N	\N
1002	2	13	2019-12-12	14:30:00	19	58	0	3	\N	\N
1003	2	13	2019-12-12	00:00:00	64	50	3	2	\N	\N
1004	2	13	2019-12-12	14:30:00	43	3	5	0	\N	\N
1005	2	13	2019-12-12	13:30:00	48	5	2	3	\N	\N
1006	2	13	2019-12-12	14:00:00	51	1	4	1	\N	\N
1007	2	14	2019-12-19	13:30:00	19	42	4	4	\N	\N
1008	2	14	2019-12-19	14:45:00	29	48	2	2	\N	\N
1009	2	14	2019-12-19	14:45:00	5	43	0	4	\N	\N
1010	2	14	2019-12-19	00:00:00	3	64	0	3	\N	\N
1011	2	14	2019-12-19	13:30:00	50	51	2	3	\N	\N
1012	2	14	2019-12-19	14:30:00	58	1	0	0	\N	\N
1013	2	15	2020-01-09	13:30:00	48	19	1	3	\N	\N
1014	2	15	2020-01-09	14:30:00	43	29	1	0	\N	\N
1015	2	15	2020-01-09	15:00:00	64	5	3	3	\N	\N
1016	2	15	2020-01-09	14:00:00	51	3	4	2	\N	\N
1017	2	15	2020-01-09	17:00:00	1	50	0	3	\N	\N
1018	2	15	2020-01-09	14:30:00	42	58	0	1	\N	\N
1019	2	16	2020-01-16	14:30:00	42	48	1	1	\N	\N
1020	2	16	2020-01-16	13:30:00	19	43	0	1	\N	\N
1021	2	16	2020-01-16	14:45:00	29	64	4	1	\N	\N
1022	2	16	2020-01-16	14:45:00	5	51	1	0	\N	\N
1023	2	16	2020-01-16	13:30:00	3	1	0	0	\N	\N
1024	2	16	2020-01-16	14:30:00	58	50	8	0	\N	\N
1025	2	17	2020-01-23	14:30:00	43	42	0	0	\N	\N
1026	2	17	2020-01-23	15:00:00	64	19	10	2	\N	\N
1027	2	17	2020-01-23	14:00:00	51	29	5	2	\N	\N
1028	2	17	2020-01-23	17:00:00	1	5	3	0	\N	\N
1029	2	17	2020-01-23	13:30:00	50	3	0	2	\N	\N
1030	2	17	2020-01-23	13:30:00	48	58	3	0	\N	\N
1031	2	18	2020-01-30	00:00:00	48	43	1	5	\N	\N
1032	2	18	2020-01-30	14:30:00	42	64	0	4	\N	\N
1033	2	18	2020-01-30	13:30:00	19	51	1	9	\N	\N
1034	2	18	2020-01-30	14:45:00	29	1	0	0	\N	\N
1035	2	18	2020-01-30	14:45:00	5	50	3	0	\N	\N
1036	2	18	2020-01-30	14:30:00	58	3	1	3	\N	\N
1037	2	19	2020-02-06	13:30:00	48	64	0	2	\N	\N
1038	2	19	2020-02-06	14:00:00	51	42	5	2	\N	\N
1039	2	19	2020-02-06	17:00:00	1	19	0	9	\N	\N
1040	2	19	2020-02-06	13:30:00	50	29	0	0	\N	\N
1041	2	19	2020-02-06	14:45:00	5	3	1	2	\N	\N
1042	2	19	2020-02-06	14:30:00	43	58	0	3	\N	\N
1043	2	20	2020-04-10	14:30:00	43	64	3	4	\N	\N
1044	2	20	2020-04-10	13:30:00	48	51	0	1	\N	\N
1045	2	20	2020-04-10	14:30:00	42	1	5	4	\N	\N
1046	2	20	2020-04-10	13:30:00	19	50	0	2	\N	\N
1047	2	20	2020-04-10	15:00:00	29	3	3	0	\N	\N
1048	2	20	2020-04-10	14:30:00	58	5	3	4	\N	\N
1049	2	21	2020-04-17	14:00:00	51	43	4	2	\N	\N
1050	2	21	2020-04-17	17:00:00	1	48	0	0	\N	\N
1051	2	21	2020-04-17	13:30:00	50	42	2	1	\N	\N
1052	2	21	2020-04-17	13:30:00	3	19	1	1	\N	\N
1053	2	21	2020-04-17	16:00:00	5	29	7	1	\N	\N
1054	2	21	2020-04-17	15:00:00	64	58	2	1	\N	\N
1055	2	22	2020-04-24	15:00:00	64	51	2	0	\N	\N
1056	2	22	2020-04-24	14:30:00	43	1	0	0	\N	\N
1057	2	22	2020-04-24	13:30:00	48	50	4	0	\N	\N
1058	2	22	2020-04-24	14:30:00	42	3	0	8	\N	\N
1059	2	22	2020-04-24	13:30:00	19	5	0	0	\N	\N
1060	2	22	2020-04-24	14:30:00	58	29	0	5	\N	\N
1061	3	1	2019-09-05	14:00:00	12	35	2	2	\N	\N
1062	3	1	2019-09-05	14:30:00	53	34	3	1	\N	\N
1063	3	1	2019-09-05	14:00:00	7	45	1	1	\N	\N
1064	3	1	2019-09-05	14:30:00	31	15	1	4	\N	\N
1065	3	1	2019-09-05	13:00:00	63	61	1	1	\N	\N
1066	3	2	2019-09-12	14:30:00	35	39	1	1	\N	\N
1067	3	2	2019-09-12	14:30:00	34	45	0	3	\N	\N
1068	3	2	2019-09-12	14:00:00	7	31	2	0	\N	\N
1069	3	2	2019-09-12	13:00:00	15	63	3	5	\N	\N
1070	3	2	2019-09-12	13:00:00	61	12	0	0	\N	\N
1071	3	3	2019-09-19	15:00:00	39	12	2	0	\N	\N
1072	3	3	2019-09-19	14:30:00	53	35	0	4	\N	\N
1073	3	3	2019-09-19	14:30:00	31	34	3	0	\N	\N
1074	3	3	2019-09-19	13:00:00	63	7	0	0	\N	\N
1075	3	3	2019-09-19	15:00:00	15	61	3	2	\N	\N
1076	3	4	2019-09-26	14:00:00	12	53	1	2	\N	\N
1077	3	4	2019-09-26	14:30:00	35	45	0	0	\N	\N
1078	3	4	2019-09-26	14:30:00	34	63	0	0	\N	\N
1079	3	4	2019-09-26	15:00:00	15	7	5	0	\N	\N
1080	3	4	2019-09-26	15:00:00	39	61	2	2	\N	\N
1081	3	5	2019-10-03	14:30:00	53	39	0	0	\N	\N
1082	3	5	2019-10-03	14:00:00	45	12	0	2	\N	\N
1083	3	5	2019-10-03	14:30:00	31	35	0	9	\N	\N
1084	3	5	2019-10-03	13:00:00	15	34	2	7	\N	\N
1085	3	5	2019-10-03	13:00:00	61	7	0	0	\N	\N
1086	3	6	2019-10-10	15:00:00	39	45	0	2	\N	\N
1087	3	6	2019-10-10	14:00:00	12	31	1	3	\N	\N
1088	3	6	2019-10-10	14:30:00	35	63	5	5	\N	\N
1089	3	6	2019-10-10	14:30:00	34	7	0	5	\N	\N
1090	3	6	2019-10-10	14:30:00	53	61	3	5	\N	\N
1091	3	7	2019-10-17	14:00:00	45	53	0	0	\N	\N
1092	3	7	2019-10-17	14:30:00	31	39	1	0	\N	\N
1093	3	7	2019-10-17	13:00:00	63	12	2	0	\N	\N
1094	3	7	2019-10-17	13:00:00	15	35	1	1	\N	\N
1095	3	7	2019-10-17	14:00:00	61	34	1	1	\N	\N
1096	3	8	2019-10-24	14:30:00	53	31	0	0	\N	\N
1097	3	8	2019-10-24	15:00:00	39	63	0	1	\N	\N
1098	3	8	2019-10-24	14:00:00	12	15	1	0	\N	\N
1099	3	8	2019-10-24	14:00:00	7	35	5	2	\N	\N
1100	3	8	2019-10-24	13:00:00	61	45	0	0	\N	\N
1101	3	9	2019-10-31	14:30:00	31	45	2	3	\N	\N
1102	3	9	2019-10-31	13:00:00	63	53	2	1	\N	\N
1103	3	9	2019-10-31	13:00:00	15	39	8	4	\N	\N
1104	3	9	2019-10-31	14:00:00	7	12	1	0	\N	\N
1105	3	9	2019-10-31	14:30:00	34	35	4	0	\N	\N
1106	3	10	2019-11-07	14:00:00	45	63	2	0	\N	\N
1107	3	10	2019-11-07	13:00:00	53	15	2	8	\N	\N
1108	3	10	2019-11-07	15:00:00	39	7	2	5	\N	\N
1109	3	10	2019-11-07	14:00:00	12	34	4	0	\N	\N
1110	3	10	2019-11-07	14:00:00	61	31	3	1	\N	\N
1111	3	11	2019-11-14	13:00:00	63	31	0	1	\N	\N
1112	3	11	2019-11-14	13:00:00	15	45	0	0	\N	\N
1113	3	11	2019-11-14	14:00:00	7	53	0	0	\N	\N
1114	3	11	2019-11-14	14:30:00	34	39	5	4	\N	\N
1115	3	11	2019-11-14	14:30:00	35	61	4	0	\N	\N
1116	3	12	2019-12-05	14:30:00	35	12	0	2	\N	\N
1117	3	12	2019-12-05	14:30:00	34	53	2	1	\N	\N
1118	3	12	2019-12-05	14:00:00	45	7	1	3	\N	\N
1119	3	12	2019-12-05	13:00:00	15	31	2	4	\N	\N
1120	3	12	2019-12-05	14:00:00	61	63	0	1	\N	\N
1121	3	13	2019-12-12	15:00:00	39	35	2	2	\N	\N
1122	3	13	2019-12-12	14:30:00	12	61	1	1	\N	\N
1123	3	13	2019-12-12	14:30:00	31	7	1	5	\N	\N
1124	3	13	2019-12-12	14:00:00	45	34	8	3	\N	\N
1125	3	13	2019-12-12	13:00:00	63	15	1	0	\N	\N
1126	3	14	2019-12-19	14:00:00	12	39	3	2	\N	\N
1127	3	14	2019-12-19	14:30:00	35	53	3	0	\N	\N
1128	3	14	2019-12-19	14:30:00	34	31	0	2	\N	\N
1129	3	14	2019-12-19	14:00:00	7	63	1	2	\N	\N
1130	3	14	2019-12-19	13:00:00	61	15	4	0	\N	\N
1131	3	15	2020-01-09	14:30:00	53	12	0	0	\N	\N
1132	3	15	2020-01-09	14:00:00	45	35	4	1	\N	\N
1133	3	15	2020-01-09	13:00:00	63	34	0	4	\N	\N
1134	3	15	2020-01-09	14:00:00	7	15	5	8	\N	\N
1135	3	15	2020-01-09	13:00:00	61	39	4	2	\N	\N
1136	3	16	2020-01-16	15:00:00	39	53	3	3	\N	\N
1137	3	16	2020-01-16	14:00:00	12	45	0	0	\N	\N
1138	3	16	2020-01-16	14:30:00	35	31	1	2	\N	\N
1139	3	16	2020-01-16	14:30:00	34	15	2	0	\N	\N
1140	3	16	2020-01-16	14:00:00	7	61	1	0	\N	\N
1141	3	17	2020-01-23	14:00:00	45	39	0	1	\N	\N
1142	3	17	2020-01-23	14:30:00	31	12	2	1	\N	\N
1143	3	17	2020-01-23	13:00:00	63	35	1	0	\N	\N
1144	3	17	2020-01-23	14:00:00	7	34	3	2	\N	\N
1145	3	17	2020-01-23	13:00:00	61	53	4	2	\N	\N
1146	3	18	2020-01-30	14:30:00	53	45	5	0	\N	\N
1147	3	18	2020-01-30	15:00:00	39	31	3	1	\N	\N
1148	3	18	2020-01-30	14:00:00	12	63	1	2	\N	\N
1149	3	18	2020-01-30	14:30:00	35	15	1	4	\N	\N
1150	3	18	2020-01-30	14:30:00	34	61	0	2	\N	\N
1151	3	19	2020-02-06	14:30:00	31	53	2	1	\N	\N
1152	3	19	2020-02-06	13:00:00	63	39	1	1	\N	\N
1153	3	19	2020-02-06	13:00:00	15	12	4	2	\N	\N
1154	3	19	2020-02-06	14:30:00	35	7	2	1	\N	\N
1155	3	19	2020-02-06	14:00:00	45	61	2	4	\N	\N
1156	3	20	2020-04-10	14:00:00	45	31	0	2	\N	\N
1157	3	20	2020-04-10	14:30:00	53	63	0	0	\N	\N
1158	3	20	2020-04-10	15:00:00	39	15	2	0	\N	\N
1159	3	20	2020-04-10	14:00:00	12	7	0	2	\N	\N
1160	3	20	2020-04-10	14:30:00	35	34	0	1	\N	\N
1161	3	21	2020-04-17	13:00:00	63	45	4	2	\N	\N
1162	3	21	2020-04-17	13:00:00	15	53	0	2	\N	\N
1163	3	21	2020-04-17	14:00:00	7	39	5	5	\N	\N
1164	3	21	2020-04-17	14:30:00	34	12	4	0	\N	\N
1165	3	21	2020-04-17	00:00:00	31	61	0	1	\N	\N
1166	3	22	2020-04-24	14:30:00	31	63	2	3	\N	\N
1167	3	22	2020-04-24	14:00:00	45	15	0	0	\N	\N
1168	3	22	2020-04-24	14:30:00	53	7	1	1	\N	\N
1169	3	22	2020-04-24	15:00:00	39	34	0	3	\N	\N
1170	3	22	2020-04-24	13:00:00	61	35	1	0	\N	\N
1171	4	1	2019-09-05	15:00:00	44	2	0	0	\N	\N
1172	4	1	2019-09-05	13:30:00	47	57	0	1	\N	\N
1173	4	1	2019-09-05	14:30:00	55	71	3	9	\N	\N
1174	4	1	2019-09-05	14:30:00	32	38	0	2	\N	\N
1175	4	1	2019-09-05	14:30:00	36	59	1	3	\N	\N
1176	4	2	2019-09-12	14:00:00	2	47	0	4	\N	\N
1177	4	2	2019-09-12	14:30:00	54	55	2	0	\N	\N
1178	4	2	2019-09-12	15:00:00	71	32	3	10	\N	\N
1179	4	2	2019-09-12	14:30:00	38	36	0	0	\N	\N
1180	4	2	2019-09-12	15:00:00	44	59	0	4	\N	\N
1181	4	3	2019-09-19	13:30:00	47	44	1	4	\N	\N
1182	4	3	2019-09-19	14:30:00	55	57	1	0	\N	\N
1183	4	3	2019-09-19	14:30:00	32	54	1	0	\N	\N
1184	4	3	2019-09-19	14:30:00	36	71	1	5	\N	\N
1185	4	3	2019-09-19	14:30:00	38	59	1	1	\N	\N
1186	4	4	2019-09-26	14:00:00	2	55	3	0	\N	\N
1187	4	4	2019-09-26	14:00:00	57	32	0	1	\N	\N
1188	4	4	2019-09-26	14:30:00	54	36	0	0	\N	\N
1189	4	4	2019-09-26	15:00:00	71	38	0	0	\N	\N
1190	4	4	2019-09-26	00:00:00	59	47	1	3	\N	\N
1191	4	5	2019-10-03	15:30:00	44	55	3	4	\N	\N
1192	4	5	2019-10-03	14:30:00	32	2	2	4	\N	\N
1193	4	5	2019-10-03	14:30:00	36	57	4	3	\N	\N
1194	4	5	2019-10-03	14:30:00	38	54	1	10	\N	\N
1195	4	5	2019-10-03	15:00:00	71	59	3	4	\N	\N
1196	4	6	2019-10-10	13:30:00	47	55	3	0	\N	\N
1197	4	6	2019-10-10	15:00:00	44	32	2	0	\N	\N
1198	4	6	2019-10-10	14:00:00	2	36	2	0	\N	\N
1199	4	6	2019-10-10	14:00:00	57	38	2	2	\N	\N
1200	4	6	2019-10-10	14:30:00	54	71	5	5	\N	\N
1201	4	7	2019-10-17	14:30:00	32	47	0	2	\N	\N
1202	4	7	2019-10-17	14:30:00	36	44	0	0	\N	\N
1203	4	7	2019-10-17	14:30:00	38	2	2	1	\N	\N
1204	4	7	2019-10-17	15:00:00	71	57	1	1	\N	\N
1205	4	7	2019-10-17	14:30:00	54	59	0	0	\N	\N
1206	4	8	2019-10-24	13:30:00	47	36	5	0	\N	\N
1207	4	8	2019-10-24	15:00:00	44	38	3	3	\N	\N
1208	4	8	2019-10-24	14:00:00	2	71	0	2	\N	\N
1209	4	8	2019-10-24	14:00:00	57	54	2	1	\N	\N
1210	4	8	2019-10-24	14:30:00	59	55	1	0	\N	\N
1211	4	9	2019-10-31	14:30:00	32	55	0	3	\N	\N
1212	4	9	2019-10-31	14:30:00	38	47	2	4	\N	\N
1213	4	9	2019-10-31	14:45:00	71	44	1	2	\N	\N
1214	4	9	2019-10-31	14:30:00	54	2	2	0	\N	\N
1215	4	9	2019-10-31	14:00:00	57	59	4	5	\N	\N
1216	4	10	2019-11-07	16:00:00	55	36	2	2	\N	\N
1217	4	10	2019-11-07	13:30:00	47	71	8	2	\N	\N
1218	4	10	2019-11-07	14:30:00	44	54	3	4	\N	\N
1219	4	10	2019-11-07	14:00:00	2	57	0	0	\N	\N
1220	4	10	2019-11-07	14:30:00	59	32	2	0	\N	\N
1221	4	11	2019-11-14	14:30:00	36	32	2	2	\N	\N
1222	4	11	2019-11-14	14:30:00	38	55	5	1	\N	\N
1223	4	11	2019-11-14	14:30:00	54	47	1	2	\N	\N
1224	4	11	2019-11-14	14:00:00	57	44	0	2	\N	\N
1225	4	11	2019-11-14	14:00:00	2	59	2	0	\N	\N
1226	4	12	2019-12-05	14:00:00	2	44	0	0	\N	\N
1227	4	12	2019-12-05	14:00:00	57	47	4	1	\N	\N
1228	4	12	2019-12-05	14:45:00	71	55	1	0	\N	\N
1229	4	12	2019-12-05	14:30:00	38	32	10	2	\N	\N
1230	4	12	2019-12-05	14:30:00	59	36	1	2	\N	\N
1231	4	13	2019-12-12	13:30:00	47	2	0	9	\N	\N
1232	4	13	2019-12-12	14:30:00	44	59	2	2	\N	\N
1233	4	13	2019-12-12	14:30:00	32	71	1	4	\N	\N
1234	4	13	2019-12-12	16:00:00	55	54	3	1	\N	\N
1235	4	13	2019-12-12	14:30:00	36	38	2	4	\N	\N
1236	4	14	2019-12-19	14:30:00	44	47	0	4	\N	\N
1237	4	14	2019-12-19	14:00:00	57	55	0	0	\N	\N
1238	4	14	2019-12-19	14:30:00	54	32	1	0	\N	\N
1239	4	14	2019-12-19	14:45:00	71	36	1	2	\N	\N
1240	4	14	2019-12-19	14:30:00	59	38	0	2	\N	\N
1241	4	15	2020-01-09	16:00:00	55	2	1	3	\N	\N
1242	4	15	2020-01-09	14:30:00	32	57	1	2	\N	\N
1243	4	15	2020-01-09	14:30:00	36	54	0	3	\N	\N
1244	4	15	2020-01-09	14:30:00	38	71	0	3	\N	\N
1245	4	15	2020-01-09	13:30:00	47	59	2	4	\N	\N
1246	4	16	2020-01-16	16:00:00	55	44	0	0	\N	\N
1247	4	16	2020-01-16	14:00:00	2	32	0	2	\N	\N
1248	4	16	2020-01-16	14:00:00	57	36	0	1	\N	\N
1249	4	16	2020-01-16	14:30:00	54	38	0	4	\N	\N
1250	4	16	2020-01-16	14:30:00	59	71	0	4	\N	\N
1251	4	17	2020-01-23	16:00:00	55	47	10	0	\N	\N
1252	4	17	2020-01-23	14:30:00	32	44	0	2	\N	\N
1253	4	17	2020-01-23	14:30:00	36	2	4	4	\N	\N
1254	4	17	2020-01-23	14:30:00	38	57	2	4	\N	\N
1255	4	17	2020-01-23	14:45:00	71	54	0	2	\N	\N
1256	4	18	2020-01-30	13:30:00	47	32	2	1	\N	\N
1257	4	18	2020-01-30	14:30:00	44	36	0	2	\N	\N
1258	4	18	2020-01-30	14:00:00	2	38	0	0	\N	\N
1259	4	18	2020-01-30	14:00:00	57	71	0	5	\N	\N
1260	4	18	2020-01-30	14:30:00	59	54	2	3	\N	\N
1261	4	19	2020-02-06	14:30:00	36	47	1	1	\N	\N
1262	4	19	2020-02-06	14:30:00	38	44	4	2	\N	\N
1263	4	19	2020-02-06	14:45:00	71	2	2	1	\N	\N
1264	4	19	2020-02-06	14:30:00	54	57	0	0	\N	\N
1265	4	19	2020-02-06	16:00:00	55	59	5	4	\N	\N
1266	4	20	2020-04-10	16:00:00	55	32	2	4	\N	\N
1267	4	20	2020-04-10	13:30:00	47	38	1	0	\N	\N
1268	4	20	2020-04-10	15:00:00	44	71	1	1	\N	\N
1269	4	20	2020-04-10	14:00:00	2	54	0	0	\N	\N
1270	4	20	2020-04-10	14:30:00	59	57	4	1	\N	\N
1271	4	21	2020-04-17	14:30:00	36	55	2	1	\N	\N
1272	4	21	2020-04-17	15:00:00	71	47	0	1	\N	\N
1273	4	21	2020-04-17	14:30:00	54	44	1	0	\N	\N
1274	4	21	2020-04-17	14:00:00	57	2	0	4	\N	\N
1275	4	21	2020-04-17	14:30:00	32	59	2	4	\N	\N
1276	4	22	2020-04-24	14:30:00	32	36	3	0	\N	\N
1277	4	22	2020-04-24	16:00:00	55	38	10	4	\N	\N
1278	4	22	2020-04-24	13:30:00	47	54	2	0	\N	\N
1279	4	22	2020-04-24	15:00:00	44	57	0	4	\N	\N
1280	4	22	2020-04-24	14:30:00	59	2	10	3	\N	\N
1281	5	1	2019-09-05	13:00:00	18	6	0	1	\N	\N
1282	5	1	2019-09-05	15:30:00	68	60	2	0	\N	\N
1283	5	1	2019-09-05	14:00:00	9	37	10	2	\N	\N
1284	5	2	2019-09-12	13:00:00	6	68	4	4	\N	\N
1285	5	2	2019-09-12	15:30:00	60	11	0	0	\N	\N
1286	5	2	2019-09-12	15:00:00	37	14	1	1	\N	\N
1287	5	3	2019-09-19	13:00:00	18	20	7	0	\N	\N
1288	5	3	2019-09-19	13:30:00	11	6	0	3	\N	\N
1289	5	3	2019-09-19	13:45:00	9	60	0	2	\N	\N
1290	5	4	2019-09-26	15:30:00	20	68	1	4	\N	\N
1291	5	4	2019-09-26	13:00:00	6	9	0	2	\N	\N
1292	5	4	2019-09-26	15:30:00	60	14	4	0	\N	\N
1293	5	5	2019-10-03	15:30:00	68	18	5	1	\N	\N
1294	5	5	2019-10-03	13:30:00	11	20	1	2	\N	\N
1295	5	5	2019-10-03	13:30:00	14	6	9	5	\N	\N
1296	5	5	2019-10-03	15:00:00	37	60	0	2	\N	\N
1297	5	6	2019-10-10	13:00:00	18	11	0	4	\N	\N
1298	5	6	2019-10-10	15:30:00	20	9	0	0	\N	\N
1299	5	6	2019-10-10	13:00:00	6	37	5	5	\N	\N
1300	5	7	2019-10-17	13:30:00	11	68	2	2	\N	\N
1301	5	7	2019-10-17	13:45:00	9	18	2	0	\N	\N
1302	5	7	2019-10-17	13:30:00	14	20	2	1	\N	\N
1303	5	8	2019-10-24	13:45:00	9	68	2	2	\N	\N
1304	5	8	2019-10-24	13:00:00	18	14	0	3	\N	\N
1305	5	8	2019-10-24	15:30:00	20	37	0	0	\N	\N
1306	5	8	2019-10-24	15:30:00	60	6	5	4	\N	\N
1307	5	9	2019-10-31	13:45:00	9	11	2	2	\N	\N
1308	5	9	2019-10-31	13:00:00	14	68	3	0	\N	\N
1309	5	9	2019-10-31	15:00:00	37	18	4	2	\N	\N
1310	5	10	2019-11-07	13:00:00	11	14	4	4	\N	\N
1311	5	10	2019-11-07	15:30:00	68	37	1	1	\N	\N
1312	5	10	2019-11-07	15:30:00	20	60	2	2	\N	\N
1313	5	11	2019-11-14	13:00:00	14	9	2	10	\N	\N
1314	5	11	2019-11-14	15:00:00	37	11	3	0	\N	\N
1315	5	11	2019-11-14	15:30:00	60	18	0	7	\N	\N
1316	5	11	2019-11-14	12:00:00	6	20	0	0	\N	\N
1317	5	12	2019-12-05	12:00:00	6	18	7	4	\N	\N
1318	5	12	2019-12-05	15:30:00	60	68	0	1	\N	\N
1319	5	12	2019-12-05	15:00:00	37	9	4	2	\N	\N
1320	5	13	2019-12-12	13:00:00	11	60	1	1	\N	\N
1321	5	13	2019-12-12	15:30:00	68	6	5	2	\N	\N
1322	5	13	2019-12-12	13:00:00	14	37	0	5	\N	\N
1323	5	14	2019-12-19	15:30:00	20	18	1	2	\N	\N
1324	5	14	2019-12-19	12:00:00	6	11	2	1	\N	\N
1325	5	14	2019-12-19	00:00:00	60	9	2	1	\N	\N
1326	5	15	2020-01-09	15:30:00	68	20	0	0	\N	\N
1327	5	15	2020-01-09	13:45:00	9	6	0	0	\N	\N
1328	5	15	2020-01-09	13:00:00	14	60	0	4	\N	\N
1329	5	16	2020-01-16	13:00:00	18	68	4	0	\N	\N
1330	5	16	2020-01-16	15:30:00	20	11	0	4	\N	\N
1331	5	16	2020-01-16	12:00:00	6	14	1	3	\N	\N
1332	5	16	2020-01-16	15:30:00	60	37	5	2	\N	\N
1333	5	17	2020-01-23	13:00:00	11	18	2	1	\N	\N
1334	5	17	2020-01-23	13:45:00	9	20	0	3	\N	\N
1335	5	17	2020-01-23	15:00:00	37	6	4	1	\N	\N
1336	5	18	2020-01-30	15:30:00	68	11	0	1	\N	\N
1337	5	18	2020-01-30	13:00:00	18	9	0	1	\N	\N
1338	5	18	2020-01-30	15:30:00	20	14	2	4	\N	\N
1339	5	19	2020-02-06	15:30:00	68	9	0	1	\N	\N
1340	5	19	2020-02-06	13:00:00	14	18	5	0	\N	\N
1341	5	19	2020-02-06	15:00:00	37	20	1	0	\N	\N
1342	5	19	2020-02-06	12:00:00	6	60	4	0	\N	\N
1343	5	20	2020-04-10	13:30:00	11	9	3	4	\N	\N
1344	5	20	2020-04-10	15:30:00	68	14	1	1	\N	\N
1345	5	20	2020-04-10	13:00:00	18	37	3	0	\N	\N
1346	5	21	2020-04-17	00:00:00	14	11	3	1	\N	\N
1347	5	21	2020-04-17	15:00:00	37	68	4	1	\N	\N
1348	5	21	2020-04-17	15:30:00	60	20	4	4	\N	\N
1349	5	22	2020-04-24	13:45:00	9	14	1	0	\N	\N
1350	5	22	2020-04-24	13:30:00	11	37	1	3	\N	\N
1351	5	22	2020-04-24	13:00:00	18	60	1	0	\N	\N
1352	5	22	2020-04-24	15:30:00	20	6	8	3	\N	\N
1353	6	1	2019-09-04	20:00:00	26	65	1	2	\N	\N
1354	6	1	2019-09-04	20:00:00	41	70	0	2	\N	\N
1355	6	1	2019-09-04	20:00:00	21	28	4	1	\N	\N
1356	6	1	2019-09-04	20:00:00	69	24	0	1	\N	\N
1357	6	1	2019-09-04	20:00:00	23	27	4	3	\N	\N
1358	6	1	2019-09-04	20:00:00	46	66	1	0	\N	\N
1359	6	1	2019-09-04	20:00:00	62	22	3	4	\N	\N
1360	6	1	2019-09-04	20:00:00	40	25	1	1	\N	\N
1361	6	2	2019-09-11	20:00:00	65	41	2	2	\N	\N
1362	6	2	2019-09-11	20:00:00	70	21	8	7	\N	\N
1363	6	2	2019-09-11	20:00:00	28	69	2	3	\N	\N
1364	6	2	2019-09-11	20:00:00	24	23	0	1	\N	\N
1365	6	2	2019-09-11	20:00:00	27	46	0	1	\N	\N
1366	6	2	2019-09-11	20:00:00	66	62	2	10	\N	\N
1367	6	2	2019-09-11	20:00:00	22	40	3	3	\N	\N
1368	6	2	2019-09-11	20:00:00	25	26	2	5	\N	\N
1369	6	3	2019-09-18	20:00:00	41	26	1	0	\N	\N
1370	6	3	2019-09-18	20:00:00	65	21	1	2	\N	\N
1371	6	3	2019-09-18	20:00:00	69	70	1	4	\N	\N
1372	6	3	2019-09-18	20:00:00	23	28	1	0	\N	\N
1373	6	3	2019-09-18	20:00:00	46	24	0	0	\N	\N
1374	6	3	2019-09-18	20:00:00	62	27	0	0	\N	\N
1375	6	3	2019-09-18	20:00:00	40	66	1	0	\N	\N
1376	6	3	2019-09-18	20:00:00	22	25	1	4	\N	\N
1377	6	4	2019-09-25	20:00:00	26	21	1	4	\N	\N
1378	6	4	2019-09-25	20:00:00	65	69	3	4	\N	\N
1379	6	4	2019-09-25	20:00:00	70	23	6	1	\N	\N
1380	6	4	2019-09-25	20:00:00	28	46	0	3	\N	\N
1381	6	4	2019-09-25	20:00:00	24	62	0	0	\N	\N
1382	6	4	2019-09-25	20:00:00	27	40	2	0	\N	\N
1383	6	4	2019-09-25	20:00:00	66	22	0	2	\N	\N
1384	6	4	2019-09-25	00:00:00	25	41	0	5	\N	\N
1385	6	5	2019-10-02	20:00:00	21	41	0	3	\N	\N
1386	6	5	2019-10-02	20:00:00	69	26	2	3	\N	\N
1387	6	5	2019-10-02	20:00:00	65	23	4	3	\N	\N
1388	6	5	2019-10-02	20:00:00	46	70	2	3	\N	\N
1389	6	5	2019-10-02	20:00:00	62	28	2	3	\N	\N
1390	6	5	2019-10-02	20:00:00	40	24	3	2	\N	\N
1391	6	5	2019-10-02	20:00:00	22	27	0	0	\N	\N
1392	6	5	2019-10-02	20:00:00	66	25	0	4	\N	\N
1393	6	6	2019-10-09	20:00:00	41	69	3	0	\N	\N
1394	6	6	2019-10-09	20:00:00	26	23	2	8	\N	\N
1395	6	6	2019-10-09	20:00:00	65	46	0	1	\N	\N
1396	6	6	2019-10-09	20:00:00	62	70	2	2	\N	\N
1397	6	6	2019-10-09	20:00:00	28	40	0	3	\N	\N
1398	6	6	2019-10-09	20:00:00	24	22	0	3	\N	\N
1399	6	6	2019-10-09	20:00:00	66	27	0	3	\N	\N
1400	6	6	2019-10-09	20:00:00	25	21	3	3	\N	\N
1401	6	7	2019-10-16	00:00:00	69	21	6	0	\N	\N
1402	6	7	2019-10-16	20:00:00	23	41	1	2	\N	\N
1403	6	7	2019-10-16	20:00:00	26	46	1	0	\N	\N
1404	6	7	2019-10-16	20:00:00	65	62	3	3	\N	\N
1405	6	7	2019-10-16	20:00:00	40	70	5	1	\N	\N
1406	6	7	2019-10-16	20:00:00	22	28	0	2	\N	\N
1407	6	7	2019-10-16	20:00:00	24	66	3	4	\N	\N
1408	6	7	2019-10-16	20:00:00	27	25	4	1	\N	\N
1409	6	8	2019-10-23	20:00:00	21	23	2	5	\N	\N
1410	6	8	2019-10-23	20:00:00	41	46	4	1	\N	\N
1411	6	8	2019-10-23	20:00:00	26	62	5	1	\N	\N
1412	6	8	2019-10-23	20:00:00	65	40	4	1	\N	\N
1413	6	8	2019-10-23	20:00:00	70	22	2	1	\N	\N
1414	6	8	2019-10-23	20:00:00	66	28	1	2	\N	\N
1415	6	8	2019-10-23	20:00:00	24	27	2	5	\N	\N
1416	6	8	2019-10-23	20:00:00	25	69	5	0	\N	\N
1417	6	9	2019-10-30	20:00:00	23	69	1	1	\N	\N
1418	6	9	2019-10-30	20:00:00	46	21	0	4	\N	\N
1419	6	9	2019-10-30	20:00:00	62	41	9	1	\N	\N
1420	6	9	2019-10-30	20:00:00	40	26	0	2	\N	\N
1421	6	9	2019-10-30	20:00:00	22	65	2	0	\N	\N
1422	6	9	2019-10-30	20:00:00	66	70	2	0	\N	\N
1423	6	9	2019-10-30	20:00:00	27	28	1	3	\N	\N
1424	6	9	2019-10-30	20:00:00	24	25	2	1	\N	\N
1425	6	10	2019-11-06	20:00:00	69	46	4	0	\N	\N
1426	6	10	2019-11-06	20:00:00	21	62	3	4	\N	\N
1427	6	10	2019-11-06	20:00:00	41	40	2	1	\N	\N
1428	6	10	2019-11-06	20:00:00	26	22	1	3	\N	\N
1429	6	10	2019-11-06	20:00:00	65	66	2	7	\N	\N
1430	6	10	2019-11-06	20:00:00	70	27	2	8	\N	\N
1431	6	10	2019-11-06	20:00:00	28	24	1	1	\N	\N
1432	6	10	2019-11-06	20:00:00	25	23	0	4	\N	\N
1433	6	11	2019-11-13	20:00:00	46	23	3	0	\N	\N
1434	6	11	2019-11-13	20:00:00	62	69	0	6	\N	\N
1435	6	11	2019-11-13	20:00:00	40	21	3	0	\N	\N
1436	6	11	2019-11-13	20:00:00	22	41	0	2	\N	\N
1437	6	11	2019-11-13	20:00:00	66	26	0	0	\N	\N
1438	6	11	2019-11-13	20:00:00	27	65	0	2	\N	\N
1439	6	11	2019-11-13	00:00:00	24	70	0	0	\N	\N
1440	6	11	2019-11-13	20:00:00	28	25	6	2	\N	\N
1441	6	12	2019-11-20	20:00:00	23	62	5	0	\N	\N
1442	6	12	2019-11-20	20:00:00	69	40	4	1	\N	\N
1443	6	12	2019-11-20	20:00:00	21	22	0	1	\N	\N
1444	6	12	2019-11-20	20:00:00	41	66	4	0	\N	\N
1445	6	12	2019-11-20	00:00:00	26	27	0	4	\N	\N
1446	6	12	2019-11-20	20:00:00	65	24	2	1	\N	\N
1447	6	12	2019-11-20	20:00:00	70	28	0	1	\N	\N
1448	6	12	2019-11-20	20:00:00	25	46	2	0	\N	\N
1449	6	13	2019-11-27	20:00:00	62	46	1	4	\N	\N
1450	6	13	2019-11-27	20:00:00	40	23	2	2	\N	\N
1451	6	13	2019-11-27	20:00:00	22	69	0	0	\N	\N
1452	6	13	2019-11-27	20:00:00	66	21	3	1	\N	\N
1453	6	13	2019-11-27	20:00:00	27	41	2	2	\N	\N
1454	6	13	2019-11-27	20:00:00	26	24	0	6	\N	\N
1455	6	13	2019-11-27	20:00:00	28	65	3	1	\N	\N
1456	6	13	2019-11-27	20:00:00	70	25	1	2	\N	\N
1457	6	14	2019-12-04	20:00:00	46	40	5	2	\N	\N
1458	6	14	2019-12-04	20:00:00	23	22	1	2	\N	\N
1459	6	14	2019-12-04	20:00:00	69	66	0	2	\N	\N
1460	6	14	2019-12-04	20:00:00	21	27	2	1	\N	\N
1461	6	14	2019-12-04	20:00:00	24	41	3	2	\N	\N
1462	6	14	2019-12-04	20:00:00	26	28	4	4	\N	\N
1463	6	14	2019-12-04	20:00:00	65	70	1	1	\N	\N
1464	6	14	2019-12-04	20:00:00	25	62	7	5	\N	\N
1465	6	15	2019-12-11	20:00:00	40	62	0	4	\N	\N
1466	6	15	2019-12-11	20:00:00	28	41	1	0	\N	\N
1467	6	15	2019-12-11	20:00:00	27	69	1	2	\N	\N
1468	6	15	2019-12-11	20:00:00	66	23	0	3	\N	\N
1469	6	15	2019-12-11	20:00:00	22	46	3	1	\N	\N
1470	6	15	2019-12-11	20:00:00	24	21	3	0	\N	\N
1471	6	15	2019-12-11	20:00:00	26	70	4	5	\N	\N
1472	6	15	2019-12-11	20:00:00	65	25	5	0	\N	\N
1473	6	16	2019-12-18	20:00:00	65	26	0	0	\N	\N
1474	6	16	2019-12-18	20:00:00	70	41	0	0	\N	\N
1475	6	16	2019-12-18	20:00:00	28	21	1	1	\N	\N
1476	6	16	2019-12-18	20:00:00	24	69	0	2	\N	\N
1477	6	16	2019-12-18	20:00:00	27	23	0	1	\N	\N
1478	6	16	2019-12-18	20:00:00	66	46	0	0	\N	\N
1479	6	16	2019-12-18	00:00:00	22	62	1	0	\N	\N
1480	6	16	2019-12-18	20:00:00	25	40	2	2	\N	\N
1481	6	17	2020-01-08	20:00:00	41	65	0	2	\N	\N
1482	6	17	2020-01-08	20:00:00	21	70	0	1	\N	\N
1483	6	17	2020-01-08	20:00:00	69	28	2	1	\N	\N
1484	6	17	2020-01-08	20:00:00	23	24	1	2	\N	\N
1485	6	17	2020-01-08	20:00:00	46	27	4	2	\N	\N
1486	6	17	2020-01-08	20:00:00	62	66	1	0	\N	\N
1487	6	17	2020-01-08	20:00:00	40	22	1	0	\N	\N
1488	6	17	2020-01-08	20:00:00	26	25	4	3	\N	\N
1489	6	18	2020-01-15	20:00:00	26	41	0	8	\N	\N
1490	6	18	2020-01-15	20:00:00	21	65	0	0	\N	\N
1491	6	18	2020-01-15	20:00:00	70	69	3	0	\N	\N
1492	6	18	2020-01-15	00:00:00	28	23	0	0	\N	\N
1493	6	18	2020-01-15	20:00:00	24	46	0	0	\N	\N
1494	6	18	2020-01-15	20:00:00	27	62	3	1	\N	\N
1495	6	18	2020-01-15	20:00:00	66	40	3	2	\N	\N
1496	6	18	2020-01-15	20:00:00	25	22	1	0	\N	\N
1497	6	19	2020-01-22	20:00:00	21	26	4	1	\N	\N
1498	6	19	2020-01-22	20:00:00	69	65	0	4	\N	\N
1499	6	19	2020-01-22	20:00:00	23	70	3	7	\N	\N
1500	6	19	2020-01-22	20:00:00	46	28	2	2	\N	\N
1501	6	19	2020-01-22	20:00:00	62	24	0	4	\N	\N
1502	6	19	2020-01-22	20:00:00	40	27	4	1	\N	\N
1503	6	19	2020-01-22	20:00:00	22	66	0	4	\N	\N
1504	6	19	2020-01-22	20:00:00	41	25	1	0	\N	\N
1505	6	20	2020-01-29	20:00:00	41	21	2	0	\N	\N
1506	6	20	2020-01-29	20:00:00	26	69	2	10	\N	\N
1507	6	20	2020-01-29	20:00:00	23	65	0	3	\N	\N
1508	6	20	2020-01-29	20:00:00	70	46	3	2	\N	\N
1509	6	20	2020-01-29	20:00:00	28	62	1	2	\N	\N
1510	6	20	2020-01-29	20:00:00	24	40	1	4	\N	\N
1511	6	20	2020-01-29	20:00:00	27	22	0	2	\N	\N
1512	6	20	2020-01-29	20:00:00	25	66	0	1	\N	\N
1513	6	21	2020-02-05	20:00:00	69	41	3	1	\N	\N
1514	6	21	2020-02-05	20:00:00	23	26	1	0	\N	\N
1515	6	21	2020-02-05	20:00:00	46	65	2	0	\N	\N
1516	6	21	2020-02-05	20:00:00	70	62	0	5	\N	\N
1517	6	21	2020-02-05	20:00:00	40	28	0	3	\N	\N
1518	6	21	2020-02-05	20:00:00	22	24	4	0	\N	\N
1519	6	21	2020-02-05	20:00:00	27	66	0	9	\N	\N
1520	6	21	2020-02-05	20:00:00	21	25	0	0	\N	\N
1521	6	22	2020-02-12	20:00:00	21	69	4	2	\N	\N
1522	6	22	2020-02-12	20:00:00	41	23	4	4	\N	\N
1523	6	22	2020-02-12	20:00:00	46	26	0	1	\N	\N
1524	6	22	2020-02-12	20:00:00	62	65	3	0	\N	\N
1525	6	22	2020-02-12	20:00:00	70	40	4	1	\N	\N
1526	6	22	2020-02-12	20:00:00	28	22	3	2	\N	\N
1527	6	22	2020-02-12	20:00:00	66	24	0	0	\N	\N
1528	6	22	2020-02-12	20:00:00	25	27	0	2	\N	\N
1529	6	23	2020-02-19	20:00:00	23	21	2	1	\N	\N
1530	6	23	2020-02-19	20:00:00	46	41	0	0	\N	\N
1531	6	23	2020-02-19	20:00:00	62	26	1	2	\N	\N
1532	6	23	2020-02-19	20:00:00	40	65	1	2	\N	\N
1533	6	23	2020-02-19	20:00:00	22	70	4	1	\N	\N
1534	6	23	2020-02-19	20:00:00	28	66	0	1	\N	\N
1535	6	23	2020-02-19	20:00:00	27	24	0	0	\N	\N
1536	6	23	2020-02-19	20:00:00	69	25	2	4	\N	\N
1537	6	24	2020-02-26	20:00:00	69	23	0	1	\N	\N
1538	6	24	2020-02-26	20:00:00	21	46	0	3	\N	\N
1539	6	24	2020-02-26	20:00:00	41	62	1	1	\N	\N
1540	6	24	2020-02-26	20:00:00	26	40	1	0	\N	\N
1541	6	24	2020-02-26	20:00:00	65	22	1	5	\N	\N
1542	6	24	2020-02-26	20:00:00	70	66	1	0	\N	\N
1543	6	24	2020-02-26	20:00:00	28	27	0	0	\N	\N
1544	6	24	2020-02-26	20:00:00	25	24	1	0	\N	\N
1545	6	25	2020-03-05	20:00:00	46	69	0	2	\N	\N
1546	6	25	2020-03-05	20:00:00	62	21	2	2	\N	\N
1547	6	25	2020-03-05	20:00:00	40	41	0	0	\N	\N
1548	6	25	2020-03-05	20:00:00	22	26	0	3	\N	\N
1549	6	25	2020-03-05	20:00:00	66	65	1	0	\N	\N
1550	6	25	2020-03-05	20:00:00	27	70	0	3	\N	\N
1551	6	25	2020-03-05	00:00:00	24	28	3	2	\N	\N
1552	6	25	2020-03-05	20:00:00	23	25	0	3	\N	\N
1553	6	26	2020-03-12	20:00:00	23	46	4	3	\N	\N
1554	6	26	2020-03-12	20:00:00	69	62	1	0	\N	\N
1555	6	26	2020-03-12	20:00:00	21	40	1	0	\N	\N
1556	6	26	2020-03-12	20:00:00	41	22	1	3	\N	\N
1557	6	26	2020-03-12	20:00:00	26	66	1	2	\N	\N
1558	6	26	2020-03-12	20:00:00	65	27	3	0	\N	\N
1559	6	26	2020-03-12	20:00:00	70	24	0	0	\N	\N
1560	6	26	2020-03-12	20:00:00	25	28	4	0	\N	\N
1561	6	27	2020-03-19	20:00:00	62	23	6	2	\N	\N
1562	6	27	2020-03-19	20:00:00	40	69	1	1	\N	\N
1563	6	27	2020-03-19	20:00:00	22	21	0	2	\N	\N
1564	6	27	2020-03-19	20:00:00	66	41	3	4	\N	\N
1565	6	27	2020-03-19	20:00:00	27	26	0	4	\N	\N
1566	6	27	2020-03-19	20:00:00	24	65	0	4	\N	\N
1567	6	27	2020-03-19	20:00:00	28	70	1	1	\N	\N
1568	6	27	2020-03-19	20:00:00	46	25	1	3	\N	\N
1569	6	28	2020-03-26	20:00:00	46	62	2	2	\N	\N
1570	6	28	2020-03-26	20:00:00	23	40	4	4	\N	\N
1571	6	28	2020-03-26	20:00:00	69	22	0	0	\N	\N
1572	6	28	2020-03-26	20:00:00	21	66	0	0	\N	\N
1573	6	28	2020-03-26	20:00:00	41	27	0	0	\N	\N
1574	6	28	2020-03-26	20:00:00	24	26	2	0	\N	\N
1575	6	28	2020-03-26	20:00:00	65	28	0	0	\N	\N
1576	6	28	2020-03-26	20:00:00	25	70	2	1	\N	\N
1577	6	29	2020-04-16	20:00:00	40	46	3	2	\N	\N
1578	6	29	2020-04-16	20:00:00	22	23	4	3	\N	\N
1579	6	29	2020-04-16	20:00:00	66	69	4	2	\N	\N
1580	6	29	2020-04-16	20:00:00	27	21	0	0	\N	\N
1581	6	29	2020-04-16	20:00:00	41	24	10	2	\N	\N
1582	6	29	2020-04-16	20:00:00	28	26	6	4	\N	\N
1583	6	29	2020-04-16	20:00:00	70	65	3	5	\N	\N
1584	6	29	2020-04-16	20:00:00	62	25	2	2	\N	\N
1585	6	30	2020-04-23	20:00:00	62	40	1	0	\N	\N
1586	6	30	2020-04-23	20:00:00	46	22	10	2	\N	\N
1587	6	30	2020-04-23	20:00:00	23	66	1	4	\N	\N
1588	6	30	2020-04-23	20:00:00	69	27	1	0	\N	\N
1589	6	30	2020-04-23	20:00:00	21	24	1	3	\N	\N
1590	6	30	2020-04-23	20:00:00	41	28	0	4	\N	\N
1591	6	30	2020-04-23	20:00:00	70	26	1	0	\N	\N
1592	6	30	2020-04-23	20:00:00	25	65	0	2	\N	\N
1593	1	1	2020-09-05	14:30:00	33	67	7	2	\N	\N
1594	1	1	2020-09-05	15:00:00	17	52	1	3	\N	\N
1595	1	1	2020-09-05	14:30:00	16	49	2	2	\N	\N
1596	1	1	2020-09-05	15:30:00	10	56	2	1	\N	\N
1597	1	1	2020-09-05	16:00:00	8	30	9	1	\N	\N
1598	1	1	2020-09-05	15:30:00	13	4	4	5	\N	\N
1599	1	2	2020-09-12	14:30:00	67	17	5	0	\N	\N
1600	1	2	2020-09-12	14:30:00	52	16	3	0	\N	\N
1601	1	2	2020-09-12	14:30:00	49	10	4	2	\N	\N
1602	1	2	2020-09-12	14:30:00	56	8	0	6	\N	\N
1603	1	2	2020-09-12	14:00:00	30	13	1	3	\N	\N
1604	1	2	2020-09-12	14:30:00	4	33	3	7	\N	\N
1605	1	3	2020-09-19	15:00:00	17	33	\N	\N	Postponed	\N
1606	1	3	2020-09-19	14:30:00	16	67	6	1	\N	\N
1607	1	3	2020-09-19	15:30:00	10	52	1	4	\N	\N
1608	1	3	2020-09-19	16:00:00	8	49	4	1	\N	\N
1609	1	3	2020-09-19	15:30:00	13	56	2	1	\N	\N
1610	1	3	2020-09-19	14:00:00	30	4	0	3	\N	\N
1611	1	4	2020-09-26	14:30:00	33	16	0	5	\N	\N
1612	1	4	2020-09-26	14:30:00	67	10	\N	\N	Canceled	\N
1613	1	4	2020-09-26	14:30:00	52	8	3	1	\N	\N
1614	1	4	2020-09-26	14:30:00	49	13	1	4	\N	\N
1615	1	4	2020-09-26	14:30:00	56	30	3	0	\N	\N
1616	1	4	2020-09-26	14:30:00	4	17	2	2	\N	\N
1617	1	5	2020-10-03	14:30:00	16	17	1	5	\N	\N
1618	1	5	2020-10-03	15:30:00	10	33	0	2	\N	\N
1619	1	5	2020-10-03	16:00:00	8	67	4	1	\N	\N
1620	1	5	2020-10-03	15:30:00	13	52	3	5	\N	\N
1621	1	5	2020-10-03	14:00:00	30	49	4	2	\N	\N
1622	1	5	2020-10-03	14:30:00	56	4	3	1	\N	\N
1623	1	6	2020-10-10	15:00:00	17	10	4	0	\N	\N
1624	1	6	2020-10-10	14:30:00	33	8	\N	\N	Canceled	\N
1625	1	6	2020-10-10	14:30:00	67	13	3	2	\N	\N
1626	1	6	2020-10-10	14:30:00	52	30	\N	\N	Canceled	\N
1627	1	6	2020-10-10	14:30:00	56	49	4	3	\N	\N
1628	1	6	2020-10-10	14:30:00	4	16	\N	\N	Canceled	\N
1629	1	7	2020-10-17	15:30:00	10	16	\N	\N	\N	\N
1630	1	7	2020-10-17	16:00:00	8	17	\N	\N	\N	\N
1631	1	7	2020-10-17	15:30:00	13	33	\N	\N	\N	\N
1632	1	7	2020-10-17	14:00:00	30	67	\N	\N	\N	\N
1633	1	7	2020-10-17	15:00:00	56	52	\N	\N	\N	\N
1634	1	7	2020-10-17	14:30:00	49	4	\N	\N	\N	\N
1635	1	8	2020-10-24	16:00:00	8	16	\N	\N	\N	\N
1636	1	8	2020-10-24	15:00:00	17	13	\N	\N	\N	\N
1637	1	8	2020-10-24	14:30:00	33	30	\N	\N	\N	\N
1638	1	8	2020-10-24	14:30:00	67	56	\N	\N	\N	\N
1639	1	8	2020-10-24	14:30:00	52	49	\N	\N	\N	\N
1640	1	8	2020-10-24	14:30:00	4	10	\N	\N	\N	\N
1641	1	9	2020-10-31	16:00:00	8	10	\N	\N	\N	\N
1642	1	9	2020-10-31	14:45:00	13	16	\N	\N	\N	\N
1643	1	9	2020-10-31	14:00:00	30	17	\N	\N	\N	\N
1644	1	9	2020-10-31	15:00:00	56	33	\N	\N	\N	\N
1645	1	9	2020-10-31	14:30:00	49	67	\N	\N	\N	\N
1646	1	9	2020-10-31	14:30:00	52	4	\N	\N	\N	\N
1647	1	10	2020-11-07	14:45:00	10	13	\N	\N	\N	\N
1648	1	10	2020-11-07	14:30:00	16	30	\N	\N	\N	\N
1649	1	10	2020-11-07	14:45:00	17	56	\N	\N	\N	\N
1650	1	10	2020-11-07	14:30:00	49	33	\N	\N	\N	\N
1651	1	10	2020-11-07	14:30:00	67	52	\N	\N	\N	\N
1652	1	10	2020-11-07	14:30:00	4	8	\N	\N	\N	\N
1653	1	11	2020-11-14	14:45:00	13	8	\N	\N	\N	\N
1654	1	11	2020-11-14	14:00:00	30	10	\N	\N	\N	\N
1655	1	11	2020-11-14	15:00:00	56	16	\N	\N	\N	\N
1656	1	11	2020-11-14	14:30:00	49	17	\N	\N	\N	\N
1657	1	11	2020-11-14	14:30:00	52	33	\N	\N	\N	\N
1658	1	11	2020-11-14	14:30:00	67	4	\N	\N	\N	\N
1659	1	12	2020-12-05	14:30:00	67	33	\N	\N	\N	\N
1660	1	12	2020-12-05	14:30:00	52	17	\N	\N	\N	\N
1661	1	12	2020-12-05	14:30:00	49	16	\N	\N	\N	\N
1662	1	12	2020-12-05	15:00:00	56	10	\N	\N	\N	\N
1663	1	12	2020-12-05	14:00:00	30	8	\N	\N	\N	\N
1664	1	12	2020-12-05	14:30:00	4	13	\N	\N	\N	\N
1665	1	13	2020-12-12	14:45:00	17	67	\N	\N	\N	\N
1666	1	13	2020-12-12	14:30:00	33	4	\N	\N	\N	\N
1667	1	13	2020-12-12	16:00:00	8	56	\N	\N	\N	\N
1668	1	13	2020-12-12	14:45:00	10	49	\N	\N	\N	\N
1669	1	13	2020-12-12	14:30:00	16	52	\N	\N	\N	\N
1670	1	13	2020-12-12	14:45:00	13	30	\N	\N	\N	\N
1671	1	14	2020-12-19	14:30:00	33	17	\N	\N	\N	\N
1672	1	14	2020-12-19	14:30:00	67	16	\N	\N	\N	\N
1673	1	14	2020-12-19	14:30:00	52	10	\N	\N	\N	\N
1674	1	14	2020-12-19	14:30:00	49	8	\N	\N	\N	\N
1675	1	14	2020-12-19	15:00:00	56	13	\N	\N	\N	\N
1676	1	14	2020-12-19	14:30:00	4	30	\N	\N	\N	\N
1677	1	15	2021-01-09	14:30:00	16	33	\N	\N	\N	\N
1678	1	15	2021-01-09	14:45:00	10	67	\N	\N	\N	\N
1679	1	15	2021-01-09	16:00:00	8	52	\N	\N	\N	\N
1680	1	15	2021-01-09	14:45:00	13	49	\N	\N	\N	\N
1681	1	15	2021-01-09	14:00:00	30	56	\N	\N	\N	\N
1682	1	15	2021-01-09	14:45:00	17	4	\N	\N	\N	\N
1683	1	16	2021-01-16	14:45:00	17	16	\N	\N	\N	\N
1684	1	16	2021-01-16	14:30:00	33	10	\N	\N	\N	\N
1685	1	16	2021-01-16	14:30:00	67	8	\N	\N	\N	\N
1686	1	16	2021-01-16	14:30:00	52	13	\N	\N	\N	\N
1687	1	16	2021-01-16	14:30:00	49	30	\N	\N	\N	\N
1688	1	16	2021-01-16	14:30:00	4	56	\N	\N	\N	\N
1689	1	17	2021-01-23	14:45:00	10	17	\N	\N	\N	\N
1690	1	17	2021-01-23	16:00:00	8	33	\N	\N	\N	\N
1691	1	17	2021-01-23	14:45:00	13	67	\N	\N	\N	\N
1692	1	17	2021-01-23	14:00:00	30	52	\N	\N	\N	\N
1693	1	17	2021-01-23	14:30:00	49	56	\N	\N	\N	\N
1694	1	17	2021-01-23	14:30:00	16	4	\N	\N	\N	\N
1695	1	18	2021-01-30	14:30:00	16	10	\N	\N	\N	\N
1696	1	18	2021-01-30	14:45:00	17	8	\N	\N	\N	\N
1697	1	18	2021-01-30	14:30:00	33	13	\N	\N	\N	\N
1698	1	18	2021-01-30	14:30:00	67	30	\N	\N	\N	\N
1699	1	18	2021-01-30	14:30:00	52	56	\N	\N	\N	\N
1700	1	18	2021-01-30	14:30:00	4	49	\N	\N	\N	\N
1701	1	19	2021-02-06	14:30:00	16	8	\N	\N	\N	\N
1702	1	19	2021-02-06	14:45:00	13	17	\N	\N	\N	\N
1703	1	19	2021-02-06	14:00:00	30	33	\N	\N	\N	\N
1704	1	19	2021-02-06	15:00:00	56	67	\N	\N	\N	\N
1705	1	19	2021-02-06	14:30:00	49	52	\N	\N	\N	\N
1706	1	19	2021-02-06	14:45:00	10	4	\N	\N	\N	\N
1707	1	20	2021-04-10	15:30:00	10	8	\N	\N	\N	\N
1708	1	20	2021-04-10	14:30:00	16	13	\N	\N	\N	\N
1709	1	20	2021-04-10	15:00:00	17	30	\N	\N	\N	\N
1710	1	20	2021-04-10	14:30:00	33	56	\N	\N	\N	\N
1711	1	20	2021-04-10	14:30:00	67	49	\N	\N	\N	\N
1712	1	20	2021-04-10	14:30:00	4	52	\N	\N	\N	\N
1713	1	21	2021-04-17	00:00:00	13	10	\N	\N	Postponed	\N
1714	1	21	2021-04-17	14:00:00	30	16	\N	\N	\N	\N
1715	1	21	2021-04-17	15:00:00	56	17	\N	\N	\N	\N
1716	1	21	2021-04-17	14:30:00	49	33	\N	\N	\N	\N
1717	1	21	2021-04-17	14:30:00	52	67	\N	\N	\N	\N
1718	1	21	2021-04-17	16:00:00	8	4	\N	\N	\N	\N
1719	1	22	2021-04-24	16:00:00	8	13	\N	\N	\N	\N
1720	1	22	2021-04-24	15:30:00	10	30	\N	\N	\N	\N
1721	1	22	2021-04-24	14:30:00	16	56	\N	\N	\N	\N
1722	1	22	2021-04-24	15:00:00	17	49	\N	\N	\N	\N
1723	1	22	2021-04-24	14:30:00	33	52	\N	\N	\N	\N
1724	1	22	2021-04-24	14:30:00	4	67	\N	\N	\N	\N
1725	2	1	2020-09-05	13:30:00	19	29	3	5	\N	\N
1726	2	1	2020-09-05	14:30:00	42	5	5	1	\N	\N
1727	2	1	2020-09-05	13:30:00	48	3	5	0	\N	\N
1728	2	1	2020-09-05	14:30:00	43	50	2	3	\N	\N
1729	2	1	2020-09-05	15:00:00	64	1	6	2	\N	\N
1730	2	1	2020-09-05	14:00:00	51	58	5	4	\N	\N
1731	2	2	2020-09-12	15:00:00	29	42	5	6	\N	\N
1732	2	2	2020-09-12	16:00:00	5	48	2	1	\N	\N
1733	2	2	2020-09-12	13:30:00	3	43	6	0	\N	\N
1734	2	2	2020-09-12	13:30:00	50	64	0	4	\N	\N
1735	2	2	2020-09-12	17:00:00	1	51	2	4	\N	\N
1736	2	2	2020-09-12	14:30:00	58	19	2	2	\N	\N
1737	2	3	2020-09-19	14:30:00	42	19	3	2	\N	\N
1738	2	3	2020-09-19	13:30:00	48	29	1	5	\N	\N
1739	2	3	2020-09-19	14:30:00	43	5	3	3	\N	\N
1740	2	3	2020-09-19	15:00:00	64	3	2	5	\N	\N
1741	2	3	2020-09-19	14:00:00	51	50	\N	\N	Canceled	\N
1742	2	3	2020-09-19	17:00:00	1	58	3	3	\N	\N
1743	2	4	2020-09-26	13:30:00	19	48	2	3	\N	\N
1744	2	4	2020-09-26	15:00:00	29	43	6	3	\N	\N
1745	2	4	2020-09-26	16:00:00	5	64	1	1	\N	\N
1746	2	4	2020-09-26	00:00:00	3	51	\N	\N	Postponed	\N
1747	2	4	2020-09-26	13:30:00	50	1	2	3	\N	\N
1748	2	4	2020-09-26	14:30:00	58	42	5	2	\N	\N
1749	2	5	2020-10-03	13:30:00	48	42	1	3	\N	\N
1750	2	5	2020-10-03	14:30:00	43	19	4	0	\N	\N
1751	2	5	2020-10-03	15:00:00	64	29	1	2	\N	\N
1752	2	5	2020-10-03	14:00:00	51	5	1	3	\N	\N
1753	2	5	2020-10-03	17:00:00	1	3	0	5	\N	\N
1754	2	5	2020-10-03	13:30:00	50	58	0	5	Forfait	\N
1755	2	6	2020-10-10	14:30:00	42	43	5	1	\N	\N
1756	2	6	2020-10-10	13:30:00	19	64	\N	\N	Canceled	\N
1757	2	6	2020-10-10	15:00:00	29	51	4	3	\N	\N
1758	2	6	2020-10-10	16:00:00	5	1	1	3	\N	\N
1759	2	6	2020-10-10	13:30:00	3	50	6	0	\N	\N
1760	2	6	2020-10-10	14:30:00	58	48	5	2	\N	\N
1761	2	7	2020-10-17	14:30:00	43	48	\N	\N	\N	\N
1762	2	7	2020-10-17	15:00:00	64	42	\N	\N	\N	\N
1763	2	7	2020-10-17	14:00:00	51	19	\N	\N	\N	\N
1764	2	7	2020-10-17	17:00:00	1	29	\N	\N	\N	\N
1765	2	7	2020-10-17	13:30:00	50	5	\N	\N	\N	\N
1766	2	7	2020-10-17	13:30:00	3	58	\N	\N	\N	\N
1767	2	8	2020-10-24	15:00:00	64	48	\N	\N	\N	\N
1768	2	8	2020-10-24	14:30:00	42	51	\N	\N	\N	\N
1769	2	8	2020-10-24	13:30:00	19	1	\N	\N	\N	\N
1770	2	8	2020-10-24	15:00:00	29	50	\N	\N	\N	\N
1771	2	8	2020-10-24	13:30:00	3	5	\N	\N	\N	\N
1772	2	8	2020-10-24	00:00:00	58	43	\N	\N	Postponed	\N
1773	2	9	2020-10-31	15:00:00	64	43	\N	\N	\N	\N
1774	2	9	2020-10-31	14:00:00	51	48	\N	\N	\N	\N
1775	2	9	2020-10-31	17:00:00	1	42	\N	\N	\N	\N
1776	2	9	2020-10-31	13:30:00	50	19	\N	\N	\N	\N
1777	2	9	2020-10-31	13:30:00	3	29	\N	\N	\N	\N
1778	2	9	2020-10-31	14:45:00	5	58	\N	\N	\N	\N
1779	2	10	2020-11-07	14:30:00	43	51	\N	\N	\N	\N
1780	2	10	2020-11-07	13:30:00	48	1	\N	\N	\N	\N
1781	2	10	2020-11-07	14:30:00	42	50	\N	\N	\N	\N
1782	2	10	2020-11-07	13:30:00	19	3	\N	\N	\N	\N
1783	2	10	2020-11-07	14:45:00	29	5	\N	\N	\N	\N
1784	2	10	2020-11-07	14:30:00	58	64	\N	\N	\N	\N
1785	2	11	2020-11-14	14:00:00	51	64	\N	\N	\N	\N
1786	2	11	2020-11-14	17:00:00	1	43	\N	\N	\N	\N
1787	2	11	2020-11-14	13:30:00	50	48	\N	\N	\N	\N
1788	2	11	2020-11-14	13:30:00	3	42	\N	\N	\N	\N
1789	2	11	2020-11-14	14:45:00	5	19	\N	\N	\N	\N
1790	2	11	2020-11-14	14:45:00	29	58	\N	\N	\N	\N
1791	2	12	2020-12-05	14:45:00	29	19	\N	\N	\N	\N
1792	2	12	2020-12-05	14:45:00	5	42	\N	\N	\N	\N
1793	2	12	2020-12-05	13:30:00	3	48	\N	\N	\N	\N
1794	2	12	2020-12-05	13:30:00	50	43	\N	\N	\N	\N
1795	2	12	2020-12-05	17:00:00	1	64	\N	\N	\N	\N
1796	2	12	2020-12-05	14:30:00	58	51	\N	\N	\N	\N
1797	2	13	2020-12-12	14:30:00	42	29	\N	\N	\N	\N
1798	2	13	2020-12-12	14:30:00	19	58	\N	\N	\N	\N
1799	2	13	2020-12-12	00:00:00	64	50	\N	\N	Postponed	\N
1800	2	13	2020-12-12	14:30:00	43	3	\N	\N	\N	\N
1801	2	13	2020-12-12	13:30:00	48	5	\N	\N	\N	\N
1802	2	13	2020-12-12	14:00:00	51	1	\N	\N	\N	\N
1803	2	14	2020-12-19	13:30:00	19	42	\N	\N	\N	\N
1804	2	14	2020-12-19	14:45:00	29	48	\N	\N	\N	\N
1805	2	14	2020-12-19	14:45:00	5	43	\N	\N	\N	\N
1806	2	14	2020-12-19	00:00:00	3	64	\N	\N	Postponed	\N
1807	2	14	2020-12-19	13:30:00	50	51	\N	\N	\N	\N
1808	2	14	2020-12-19	14:30:00	58	1	\N	\N	\N	\N
1809	2	15	2021-01-09	13:30:00	48	19	\N	\N	\N	\N
1810	2	15	2021-01-09	14:30:00	43	29	\N	\N	\N	\N
1811	2	15	2021-01-09	15:00:00	64	5	\N	\N	\N	\N
1812	2	15	2021-01-09	14:00:00	51	3	\N	\N	\N	\N
1813	2	15	2021-01-09	17:00:00	1	50	\N	\N	\N	\N
1814	2	15	2021-01-09	14:30:00	42	58	\N	\N	\N	\N
1815	2	16	2021-01-16	14:30:00	42	48	\N	\N	\N	\N
1816	2	16	2021-01-16	13:30:00	19	43	\N	\N	\N	\N
1817	2	16	2021-01-16	14:45:00	29	64	\N	\N	\N	\N
1818	2	16	2021-01-16	14:45:00	5	51	\N	\N	\N	\N
1819	2	16	2021-01-16	13:30:00	3	1	\N	\N	\N	\N
1820	2	16	2021-01-16	14:30:00	58	50	\N	\N	\N	\N
1821	2	17	2021-01-23	14:30:00	43	42	\N	\N	\N	\N
1822	2	17	2021-01-23	15:00:00	64	19	\N	\N	\N	\N
1823	2	17	2021-01-23	14:00:00	51	29	\N	\N	\N	\N
1824	2	17	2021-01-23	17:00:00	1	5	\N	\N	\N	\N
1825	2	17	2021-01-23	13:30:00	50	3	\N	\N	\N	\N
1826	2	17	2021-01-23	13:30:00	48	58	\N	\N	\N	\N
1827	2	18	2021-01-30	00:00:00	48	43	\N	\N	Postponed	\N
1828	2	18	2021-01-30	14:30:00	42	64	\N	\N	\N	\N
1829	2	18	2021-01-30	13:30:00	19	51	\N	\N	\N	\N
1830	2	18	2021-01-30	14:45:00	29	1	\N	\N	\N	\N
1831	2	18	2021-01-30	14:45:00	5	50	\N	\N	\N	\N
1832	2	18	2021-01-30	14:30:00	58	3	\N	\N	\N	\N
1833	2	19	2021-02-06	13:30:00	48	64	\N	\N	\N	\N
1834	2	19	2021-02-06	14:00:00	51	42	\N	\N	\N	\N
1835	2	19	2021-02-06	17:00:00	1	19	\N	\N	\N	\N
1836	2	19	2021-02-06	13:30:00	50	29	\N	\N	\N	\N
1837	2	19	2021-02-06	14:45:00	5	3	\N	\N	\N	\N
1838	2	19	2021-02-06	14:30:00	43	58	\N	\N	\N	\N
1839	2	20	2021-04-10	14:30:00	43	64	\N	\N	\N	\N
1840	2	20	2021-04-10	13:30:00	48	51	\N	\N	\N	\N
1841	2	20	2021-04-10	14:30:00	42	1	\N	\N	\N	\N
1842	2	20	2021-04-10	13:30:00	19	50	\N	\N	\N	\N
1843	2	20	2021-04-10	15:00:00	29	3	\N	\N	\N	\N
1844	2	20	2021-04-10	14:30:00	58	5	\N	\N	\N	\N
1845	2	21	2021-04-17	14:00:00	51	43	\N	\N	\N	\N
1846	2	21	2021-04-17	17:00:00	1	48	\N	\N	\N	\N
1847	2	21	2021-04-17	13:30:00	50	42	\N	\N	\N	\N
1848	2	21	2021-04-17	13:30:00	3	19	\N	\N	\N	\N
1849	2	21	2021-04-17	16:00:00	5	29	\N	\N	\N	\N
1850	2	21	2021-04-17	15:00:00	64	58	\N	\N	\N	\N
1851	2	22	2021-04-24	15:00:00	64	51	\N	\N	\N	\N
1852	2	22	2021-04-24	14:30:00	43	1	\N	\N	\N	\N
1853	2	22	2021-04-24	13:30:00	48	50	\N	\N	\N	\N
1854	2	22	2021-04-24	14:30:00	42	3	\N	\N	\N	\N
1855	2	22	2021-04-24	13:30:00	19	5	\N	\N	\N	\N
1856	2	22	2021-04-24	14:30:00	58	29	\N	\N	\N	\N
1857	3	1	2020-09-05	14:00:00	12	35	1	2	\N	\N
1858	3	1	2020-09-05	14:30:00	53	34	3	2	\N	\N
1859	3	1	2020-09-05	14:00:00	7	45	3	1	\N	\N
1860	3	1	2020-09-05	14:30:00	31	15	1	3	\N	\N
1861	3	1	2020-09-05	13:00:00	63	61	5	0	\N	\N
1862	3	2	2020-09-12	14:30:00	35	39	1	2	\N	\N
1863	3	2	2020-09-12	14:30:00	34	45	2	0	\N	\N
1864	3	2	2020-09-12	14:00:00	7	31	2	0	\N	\N
1865	3	2	2020-09-12	13:00:00	15	63	4	2	\N	\N
1866	3	2	2020-09-12	13:00:00	61	12	10	2	\N	\N
1867	3	3	2020-09-19	15:00:00	39	12	8	0	\N	\N
1868	3	3	2020-09-19	14:30:00	53	35	\N	\N	Postponed	\N
1869	3	3	2020-09-19	14:30:00	31	34	4	5	\N	\N
1870	3	3	2020-09-19	13:00:00	63	7	4	4	\N	\N
1871	3	3	2020-09-19	15:00:00	15	61	4	1	\N	\N
1872	3	4	2020-09-26	14:00:00	12	53	1	4	\N	\N
1873	3	4	2020-09-26	14:30:00	35	45	7	3	\N	\N
1874	3	4	2020-09-26	14:30:00	34	63	0	4	\N	\N
1875	3	4	2020-09-26	15:00:00	15	7	3	0	\N	\N
1876	3	4	2020-09-26	15:00:00	39	61	0	0	\N	\N
1877	3	5	2020-10-03	14:30:00	53	39	0	2	\N	\N
1878	3	5	2020-10-03	14:00:00	45	12	1	3	\N	\N
1879	3	5	2020-10-03	14:30:00	31	35	0	5	\N	\N
1880	3	5	2020-10-03	13:00:00	15	34	8	2	\N	\N
1881	3	5	2020-10-03	13:00:00	61	7	3	3	\N	\N
1882	3	6	2020-10-10	15:00:00	39	45	7	0	\N	\N
1883	3	6	2020-10-10	14:00:00	12	31	1	2	\N	\N
1884	3	6	2020-10-10	14:30:00	35	63	1	7	\N	\N
1885	3	6	2020-10-10	14:30:00	34	7	0	1	\N	\N
1886	3	6	2020-10-10	14:30:00	53	61	5	0	Forfait	\N
1887	3	7	2020-10-17	14:00:00	45	53	\N	\N	\N	\N
1888	3	7	2020-10-17	14:30:00	31	39	\N	\N	\N	\N
1889	3	7	2020-10-17	13:00:00	63	12	\N	\N	\N	\N
1890	3	7	2020-10-17	13:00:00	15	35	\N	\N	\N	\N
1891	3	7	2020-10-17	14:00:00	61	34	\N	\N	\N	\N
1892	3	8	2020-10-24	14:30:00	53	31	\N	\N	\N	\N
1893	3	8	2020-10-24	15:00:00	39	63	\N	\N	\N	\N
1894	3	8	2020-10-24	14:00:00	12	15	\N	\N	\N	\N
1895	3	8	2020-10-24	14:00:00	7	35	\N	\N	\N	\N
1896	3	8	2020-10-24	13:00:00	61	45	\N	\N	\N	\N
1897	3	9	2020-10-31	14:30:00	31	45	\N	\N	\N	\N
1898	3	9	2020-10-31	13:00:00	63	53	\N	\N	\N	\N
1899	3	9	2020-10-31	13:00:00	15	39	\N	\N	\N	\N
1900	3	9	2020-10-31	14:00:00	7	12	\N	\N	\N	\N
1901	3	9	2020-10-31	14:30:00	34	35	\N	\N	\N	\N
1902	3	10	2020-11-07	14:00:00	45	63	\N	\N	\N	\N
1903	3	10	2020-11-07	13:00:00	53	15	\N	\N	\N	\N
1904	3	10	2020-11-07	15:00:00	39	7	\N	\N	\N	\N
1905	3	10	2020-11-07	14:00:00	12	34	\N	\N	\N	\N
1906	3	10	2020-11-07	14:00:00	61	31	\N	\N	\N	\N
1907	3	11	2020-11-14	13:00:00	63	31	\N	\N	\N	\N
1908	3	11	2020-11-14	13:00:00	15	45	\N	\N	\N	\N
1909	3	11	2020-11-14	14:00:00	7	53	\N	\N	\N	\N
1910	3	11	2020-11-14	14:30:00	34	39	\N	\N	\N	\N
1911	3	11	2020-11-14	14:30:00	35	61	\N	\N	\N	\N
1912	3	12	2020-12-05	14:30:00	35	12	\N	\N	\N	\N
1913	3	12	2020-12-05	14:30:00	34	53	\N	\N	\N	\N
1914	3	12	2020-12-05	14:00:00	45	7	\N	\N	\N	\N
1915	3	12	2020-12-05	13:00:00	15	31	\N	\N	\N	\N
1916	3	12	2020-12-05	14:00:00	61	63	\N	\N	\N	\N
1917	3	13	2020-12-12	15:00:00	39	35	\N	\N	\N	\N
1918	3	13	2020-12-12	14:30:00	12	61	\N	\N	\N	\N
1919	3	13	2020-12-12	14:30:00	31	7	\N	\N	\N	\N
1920	3	13	2020-12-12	14:00:00	45	34	\N	\N	\N	\N
1921	3	13	2020-12-12	13:00:00	63	15	\N	\N	\N	\N
1922	3	14	2020-12-19	14:00:00	12	39	\N	\N	\N	\N
1923	3	14	2020-12-19	14:30:00	35	53	\N	\N	\N	\N
1924	3	14	2020-12-19	14:30:00	34	31	\N	\N	\N	\N
1925	3	14	2020-12-19	14:00:00	7	63	\N	\N	\N	\N
1926	3	14	2020-12-19	13:00:00	61	15	\N	\N	\N	\N
1927	3	15	2021-01-09	14:30:00	53	12	\N	\N	\N	\N
1928	3	15	2021-01-09	14:00:00	45	35	\N	\N	\N	\N
1929	3	15	2021-01-09	13:00:00	63	34	\N	\N	\N	\N
1930	3	15	2021-01-09	14:00:00	7	15	\N	\N	\N	\N
1931	3	15	2021-01-09	13:00:00	61	39	\N	\N	\N	\N
1932	3	16	2021-01-16	15:00:00	39	53	\N	\N	\N	\N
1933	3	16	2021-01-16	14:00:00	12	45	\N	\N	\N	\N
1934	3	16	2021-01-16	14:30:00	35	31	\N	\N	\N	\N
1935	3	16	2021-01-16	14:30:00	34	15	\N	\N	\N	\N
1936	3	16	2021-01-16	14:00:00	7	61	\N	\N	\N	\N
1937	3	17	2021-01-23	14:00:00	45	39	\N	\N	\N	\N
1938	3	17	2021-01-23	14:30:00	31	12	\N	\N	\N	\N
1939	3	17	2021-01-23	13:00:00	63	35	\N	\N	\N	\N
1940	3	17	2021-01-23	14:00:00	7	34	\N	\N	\N	\N
1941	3	17	2021-01-23	13:00:00	61	53	\N	\N	\N	\N
1942	3	18	2021-01-30	14:30:00	53	45	\N	\N	\N	\N
1943	3	18	2021-01-30	15:00:00	39	31	\N	\N	\N	\N
1944	3	18	2021-01-30	14:00:00	12	63	\N	\N	\N	\N
1945	3	18	2021-01-30	14:30:00	35	15	\N	\N	\N	\N
1946	3	18	2021-01-30	14:30:00	34	61	\N	\N	\N	\N
1947	3	19	2021-02-06	14:30:00	31	53	\N	\N	\N	\N
1948	3	19	2021-02-06	13:00:00	63	39	\N	\N	\N	\N
1949	3	19	2021-02-06	13:00:00	15	12	\N	\N	\N	\N
1950	3	19	2021-02-06	14:30:00	35	7	\N	\N	\N	\N
1951	3	19	2021-02-06	14:00:00	45	61	\N	\N	\N	\N
1952	3	20	2021-04-10	14:00:00	45	31	\N	\N	\N	\N
1953	3	20	2021-04-10	14:30:00	53	63	\N	\N	\N	\N
1954	3	20	2021-04-10	15:00:00	39	15	\N	\N	\N	\N
1955	3	20	2021-04-10	14:00:00	12	7	\N	\N	\N	\N
1956	3	20	2021-04-10	14:30:00	35	34	\N	\N	\N	\N
1957	3	21	2021-04-17	13:00:00	63	45	\N	\N	\N	\N
1958	3	21	2021-04-17	13:00:00	15	53	\N	\N	\N	\N
1959	3	21	2021-04-17	14:00:00	7	39	\N	\N	\N	\N
1960	3	21	2021-04-17	14:30:00	34	12	\N	\N	\N	\N
1961	3	21	2021-04-17	00:00:00	31	61	\N	\N	Postponed	\N
1962	3	22	2021-04-24	14:30:00	31	63	\N	\N	\N	\N
1963	3	22	2021-04-24	14:00:00	45	15	\N	\N	\N	\N
1964	3	22	2021-04-24	14:30:00	53	7	\N	\N	\N	\N
1965	3	22	2021-04-24	15:00:00	39	34	\N	\N	\N	\N
1966	3	22	2021-04-24	13:00:00	61	35	\N	\N	\N	\N
1967	4	1	2020-09-05	15:00:00	44	2	0	2	\N	\N
1968	4	1	2020-09-05	13:30:00	47	57	1	6	\N	\N
1969	4	1	2020-09-05	14:30:00	55	71	5	2	\N	\N
1970	4	1	2020-09-05	14:30:00	32	38	1	9	\N	\N
1971	4	1	2020-09-05	14:30:00	36	59	1	1	\N	\N
1972	4	2	2020-09-12	14:00:00	2	47	4	1	\N	\N
1973	4	2	2020-09-12	14:30:00	54	55	0	5	\N	\N
1974	4	2	2020-09-12	15:00:00	71	32	4	2	\N	\N
1975	4	2	2020-09-12	14:30:00	38	36	4	1	\N	\N
1976	4	2	2020-09-12	15:00:00	44	59	3	2	\N	\N
1977	4	3	2020-09-19	13:30:00	47	44	2	2	\N	\N
1978	4	3	2020-09-19	14:30:00	55	57	1	0	\N	\N
1979	4	3	2020-09-19	14:30:00	32	54	2	2	\N	\N
1980	4	3	2020-09-19	14:30:00	36	71	3	2	\N	\N
1981	4	3	2020-09-19	14:30:00	38	59	2	1	\N	\N
1982	4	4	2020-09-26	14:00:00	2	55	1	3	\N	\N
1983	4	4	2020-09-26	14:00:00	57	32	5	1	\N	\N
1984	4	4	2020-09-26	14:30:00	54	36	3	4	\N	\N
1985	4	4	2020-09-26	15:00:00	71	38	0	3	\N	\N
1986	4	4	2020-09-26	00:00:00	59	47	\N	\N	Postponed	\N
1987	4	5	2020-10-03	15:30:00	44	55	0	1	\N	\N
1988	4	5	2020-10-03	14:30:00	32	2	1	2	\N	\N
1989	4	5	2020-10-03	14:30:00	36	57	3	4	\N	\N
1990	4	5	2020-10-03	14:30:00	38	54	8	1	\N	\N
1991	4	5	2020-10-03	15:00:00	71	59	6	1	\N	\N
1992	4	6	2020-10-10	13:30:00	47	55	1	10	\N	\N
1993	4	6	2020-10-10	15:00:00	44	32	7	1	\N	\N
1994	4	6	2020-10-10	14:00:00	2	36	1	5	\N	\N
1995	4	6	2020-10-10	14:00:00	57	38	0	2	\N	\N
1996	4	6	2020-10-10	14:30:00	54	71	3	6	\N	\N
1997	4	7	2020-10-17	14:30:00	32	47	\N	\N	\N	\N
1998	4	7	2020-10-17	14:30:00	36	44	\N	\N	\N	\N
1999	4	7	2020-10-17	14:30:00	38	2	\N	\N	\N	\N
2000	4	7	2020-10-17	15:00:00	71	57	\N	\N	\N	\N
2001	4	7	2020-10-17	14:30:00	54	59	\N	\N	\N	\N
2002	4	8	2020-10-24	13:30:00	47	36	\N	\N	\N	\N
2003	4	8	2020-10-24	15:00:00	44	38	\N	\N	\N	\N
2004	4	8	2020-10-24	14:00:00	2	71	\N	\N	\N	\N
2005	4	8	2020-10-24	14:00:00	57	54	\N	\N	\N	\N
2006	4	8	2020-10-24	14:30:00	59	55	\N	\N	\N	\N
2007	4	9	2020-10-31	14:30:00	32	55	\N	\N	\N	\N
2008	4	9	2020-10-31	14:30:00	38	47	\N	\N	\N	\N
2009	4	9	2020-10-31	14:45:00	71	44	\N	\N	\N	\N
2010	4	9	2020-10-31	14:30:00	54	2	\N	\N	\N	\N
2011	4	9	2020-10-31	14:00:00	57	59	\N	\N	\N	\N
2012	4	10	2020-11-07	16:00:00	55	36	\N	\N	\N	\N
2013	4	10	2020-11-07	13:30:00	47	71	\N	\N	\N	\N
2014	4	10	2020-11-07	14:30:00	44	54	\N	\N	\N	\N
2015	4	10	2020-11-07	14:00:00	2	57	\N	\N	\N	\N
2016	4	10	2020-11-07	14:30:00	59	32	\N	\N	\N	\N
2017	4	11	2020-11-14	14:30:00	36	32	\N	\N	\N	\N
2018	4	11	2020-11-14	14:30:00	38	55	\N	\N	\N	\N
2019	4	11	2020-11-14	14:30:00	54	47	\N	\N	\N	\N
2020	4	11	2020-11-14	14:00:00	57	44	\N	\N	\N	\N
2021	4	11	2020-11-14	14:00:00	2	59	\N	\N	\N	\N
2022	4	12	2020-12-05	14:00:00	2	44	\N	\N	\N	\N
2023	4	12	2020-12-05	14:00:00	57	47	\N	\N	\N	\N
2024	4	12	2020-12-05	14:45:00	71	55	\N	\N	\N	\N
2025	4	12	2020-12-05	14:30:00	38	32	\N	\N	\N	\N
2026	4	12	2020-12-05	14:30:00	59	36	\N	\N	\N	\N
2027	4	13	2020-12-12	13:30:00	47	2	\N	\N	\N	\N
2028	4	13	2020-12-12	14:30:00	44	59	\N	\N	\N	\N
2029	4	13	2020-12-12	14:30:00	32	71	\N	\N	\N	\N
2030	4	13	2020-12-12	16:00:00	55	54	\N	\N	\N	\N
2031	4	13	2020-12-12	14:30:00	36	38	\N	\N	\N	\N
2032	4	14	2020-12-19	14:30:00	44	47	\N	\N	\N	\N
2033	4	14	2020-12-19	14:00:00	57	55	\N	\N	\N	\N
2034	4	14	2020-12-19	14:30:00	54	32	\N	\N	\N	\N
2035	4	14	2020-12-19	14:45:00	71	36	\N	\N	\N	\N
2036	4	14	2020-12-19	14:30:00	59	38	\N	\N	\N	\N
2037	4	15	2021-01-09	16:00:00	55	2	\N	\N	\N	\N
2038	4	15	2021-01-09	14:30:00	32	57	\N	\N	\N	\N
2039	4	15	2021-01-09	14:30:00	36	54	\N	\N	\N	\N
2040	4	15	2021-01-09	14:30:00	38	71	\N	\N	\N	\N
2041	4	15	2021-01-09	13:30:00	47	59	\N	\N	\N	\N
2042	4	16	2021-01-16	16:00:00	55	44	\N	\N	\N	\N
2043	4	16	2021-01-16	14:00:00	2	32	\N	\N	\N	\N
2044	4	16	2021-01-16	14:00:00	57	36	\N	\N	\N	\N
2045	4	16	2021-01-16	14:30:00	54	38	\N	\N	\N	\N
2046	4	16	2021-01-16	14:30:00	59	71	\N	\N	\N	\N
2047	4	17	2021-01-23	16:00:00	55	47	\N	\N	\N	\N
2048	4	17	2021-01-23	14:30:00	32	44	\N	\N	\N	\N
2049	4	17	2021-01-23	14:30:00	36	2	\N	\N	\N	\N
2050	4	17	2021-01-23	14:30:00	38	57	\N	\N	\N	\N
2051	4	17	2021-01-23	14:45:00	71	54	\N	\N	\N	\N
2052	4	18	2021-01-30	13:30:00	47	32	\N	\N	\N	\N
2053	4	18	2021-01-30	14:30:00	44	36	\N	\N	\N	\N
2054	4	18	2021-01-30	14:00:00	2	38	\N	\N	\N	\N
2055	4	18	2021-01-30	14:00:00	57	71	\N	\N	\N	\N
2056	4	18	2021-01-30	14:30:00	59	54	\N	\N	\N	\N
2057	4	19	2021-02-06	14:30:00	36	47	\N	\N	\N	\N
2058	4	19	2021-02-06	14:30:00	38	44	\N	\N	\N	\N
2059	4	19	2021-02-06	14:45:00	71	2	\N	\N	\N	\N
2060	4	19	2021-02-06	14:30:00	54	57	\N	\N	\N	\N
2061	4	19	2021-02-06	16:00:00	55	59	\N	\N	\N	\N
2062	4	20	2021-04-10	16:00:00	55	32	\N	\N	\N	\N
2063	4	20	2021-04-10	13:30:00	47	38	\N	\N	\N	\N
2064	4	20	2021-04-10	15:00:00	44	71	\N	\N	\N	\N
2065	4	20	2021-04-10	14:00:00	2	54	\N	\N	\N	\N
2066	4	20	2021-04-10	14:30:00	59	57	\N	\N	\N	\N
2067	4	21	2021-04-17	14:30:00	36	55	\N	\N	\N	\N
2068	4	21	2021-04-17	15:00:00	71	47	\N	\N	\N	\N
2069	4	21	2021-04-17	14:30:00	54	44	\N	\N	\N	\N
2070	4	21	2021-04-17	14:00:00	57	2	\N	\N	\N	\N
2071	4	21	2021-04-17	14:30:00	32	59	\N	\N	\N	\N
2072	4	22	2021-04-24	14:30:00	32	36	\N	\N	\N	\N
2073	4	22	2021-04-24	16:00:00	55	38	\N	\N	\N	\N
2074	4	22	2021-04-24	13:30:00	47	54	\N	\N	\N	\N
2075	4	22	2021-04-24	15:00:00	44	57	\N	\N	\N	\N
2076	4	22	2021-04-24	14:30:00	59	2	\N	\N	\N	\N
2077	5	1	2020-09-05	13:00:00	18	6	2	2	\N	\N
2078	5	1	2020-09-05	15:30:00	68	60	2	1	\N	\N
2079	5	1	2020-09-05	14:00:00	9	37	0	0	\N	\N
2080	5	2	2020-09-12	13:00:00	6	68	4	0	\N	\N
2081	5	2	2020-09-12	15:30:00	60	11	1	5	\N	\N
2082	5	2	2020-09-12	15:00:00	37	14	0	1	\N	\N
2083	5	3	2020-09-19	13:00:00	18	20	5	0	\N	\N
2084	5	3	2020-09-19	13:30:00	11	6	3	1	\N	\N
2085	5	3	2020-09-19	13:45:00	9	60	5	2	\N	\N
2086	5	4	2020-09-26	15:30:00	20	68	2	1	\N	\N
2087	5	4	2020-09-26	13:00:00	6	9	0	3	\N	\N
2088	5	4	2020-09-26	15:30:00	60	14	1	7	\N	\N
2089	5	5	2020-10-03	15:30:00	68	18	2	3	\N	\N
2090	5	5	2020-10-03	13:30:00	11	20	5	0	\N	\N
2091	5	5	2020-10-03	13:30:00	14	6	\N	\N	Canceled	\N
2092	5	5	2020-10-03	15:00:00	37	60	5	0	\N	\N
2093	5	6	2020-10-10	13:00:00	18	11	0	3	\N	\N
2094	5	6	2020-10-10	15:30:00	20	9	\N	\N	Canceled	\N
2095	5	6	2020-10-10	13:00:00	6	37	2	3	\N	\N
2096	5	7	2020-10-17	13:30:00	11	68	\N	\N	\N	\N
2097	5	7	2020-10-17	13:45:00	9	18	\N	\N	\N	\N
2098	5	7	2020-10-17	13:30:00	14	20	\N	\N	\N	\N
2099	5	8	2020-10-24	13:45:00	9	68	\N	\N	\N	\N
2100	5	8	2020-10-24	13:00:00	18	14	\N	\N	\N	\N
2101	5	8	2020-10-24	15:30:00	20	37	\N	\N	\N	\N
2102	5	8	2020-10-24	15:30:00	60	6	\N	\N	\N	\N
2103	5	9	2020-10-31	13:45:00	9	11	\N	\N	\N	\N
2104	5	9	2020-10-31	13:00:00	14	68	\N	\N	\N	\N
2105	5	9	2020-10-31	15:00:00	37	18	\N	\N	\N	\N
2106	5	10	2020-11-07	13:00:00	11	14	\N	\N	\N	\N
2107	5	10	2020-11-07	15:30:00	68	37	\N	\N	\N	\N
2108	5	10	2020-11-07	15:30:00	20	60	\N	\N	\N	\N
2109	5	11	2020-11-14	13:00:00	14	9	\N	\N	\N	\N
2110	5	11	2020-11-14	15:00:00	37	11	\N	\N	\N	\N
2111	5	11	2020-11-14	15:30:00	60	18	\N	\N	\N	\N
2112	5	11	2020-11-14	12:00:00	6	20	\N	\N	\N	\N
2113	5	12	2020-12-05	12:00:00	6	18	\N	\N	\N	\N
2114	5	12	2020-12-05	15:30:00	60	68	\N	\N	\N	\N
2115	5	12	2020-12-05	15:00:00	37	9	\N	\N	\N	\N
2116	5	13	2020-12-12	13:00:00	11	60	\N	\N	\N	\N
2117	5	13	2020-12-12	15:30:00	68	6	\N	\N	\N	\N
2118	5	13	2020-12-12	13:00:00	14	37	\N	\N	\N	\N
2119	5	14	2020-12-19	15:30:00	20	18	\N	\N	\N	\N
2120	5	14	2020-12-19	12:00:00	6	11	\N	\N	\N	\N
2121	5	14	2020-12-19	00:00:00	60	9	\N	\N	Postponed	\N
2122	5	15	2021-01-09	15:30:00	68	20	\N	\N	\N	\N
2123	5	15	2021-01-09	13:45:00	9	6	\N	\N	\N	\N
2124	5	15	2021-01-09	13:00:00	14	60	\N	\N	\N	\N
2125	5	16	2021-01-16	13:00:00	18	68	\N	\N	\N	\N
2126	5	16	2021-01-16	15:30:00	20	11	\N	\N	\N	\N
2127	5	16	2021-01-16	12:00:00	6	14	\N	\N	\N	\N
2128	5	16	2021-01-16	15:30:00	60	37	\N	\N	\N	\N
2129	5	17	2021-01-23	13:00:00	11	18	\N	\N	\N	\N
2130	5	17	2021-01-23	13:45:00	9	20	\N	\N	\N	\N
2131	5	17	2021-01-23	15:00:00	37	6	\N	\N	\N	\N
2132	5	18	2021-01-30	15:30:00	68	11	\N	\N	\N	\N
2133	5	18	2021-01-30	13:00:00	18	9	\N	\N	\N	\N
2134	5	18	2021-01-30	15:30:00	20	14	\N	\N	\N	\N
2135	5	19	2021-02-06	15:30:00	68	9	\N	\N	\N	\N
2136	5	19	2021-02-06	13:00:00	14	18	\N	\N	\N	\N
2137	5	19	2021-02-06	15:00:00	37	20	\N	\N	\N	\N
2138	5	19	2021-02-06	12:00:00	6	60	\N	\N	\N	\N
2139	5	20	2021-04-10	13:30:00	11	9	\N	\N	\N	\N
2140	5	20	2021-04-10	15:30:00	68	14	\N	\N	\N	\N
2141	5	20	2021-04-10	13:00:00	18	37	\N	\N	\N	\N
2142	5	21	2021-04-17	00:00:00	14	11	\N	\N	Postponed	\N
2143	5	21	2021-04-17	15:00:00	37	68	\N	\N	\N	\N
2144	5	21	2021-04-17	15:30:00	60	20	\N	\N	\N	\N
2145	5	22	2021-04-24	13:45:00	9	14	\N	\N	\N	\N
2146	5	22	2021-04-24	13:30:00	11	37	\N	\N	\N	\N
2147	5	22	2021-04-24	13:00:00	18	60	\N	\N	\N	\N
2148	5	22	2021-04-24	15:30:00	20	6	\N	\N	\N	\N
2149	6	1	2020-09-04	20:00:00	26	65	3	2	\N	\N
2150	6	1	2020-09-04	20:00:00	41	70	1	0	\N	\N
2151	6	1	2020-09-04	20:00:00	21	28	4	0	\N	\N
2152	6	1	2020-09-04	20:00:00	69	24	5	1	\N	\N
2153	6	1	2020-09-04	20:00:00	23	27	1	2	\N	\N
2154	6	1	2020-09-04	20:00:00	46	66	0	0	\N	\N
2155	6	1	2020-09-04	20:00:00	62	22	4	3	\N	\N
2156	6	1	2020-09-04	20:00:00	40	25	6	0	\N	\N
2157	6	2	2020-09-11	20:00:00	65	41	0	3	\N	\N
2158	6	2	2020-09-11	20:00:00	70	21	0	4	\N	\N
2159	6	2	2020-09-11	20:00:00	28	69	3	3	\N	\N
2160	6	2	2020-09-11	20:00:00	24	23	0	5	\N	\N
2161	6	2	2020-09-11	20:00:00	27	46	3	0	\N	\N
2162	6	2	2020-09-11	20:00:00	66	62	0	0	\N	\N
2163	6	2	2020-09-11	20:00:00	22	40	8	2	\N	\N
2164	6	2	2020-09-11	20:00:00	25	26	0	11	\N	\N
2165	6	3	2020-09-18	20:00:00	41	26	5	0	\N	\N
2166	6	3	2020-09-18	20:00:00	65	21	0	7	\N	\N
2167	6	3	2020-09-18	20:00:00	69	70	5	1	\N	\N
2168	6	3	2020-09-18	20:00:00	23	28	4	1	\N	\N
2169	6	3	2020-09-18	20:00:00	46	24	0	2	\N	\N
2170	6	3	2020-09-18	20:00:00	62	27	3	2	\N	\N
2171	6	3	2020-09-18	20:00:00	40	66	1	1	\N	\N
2172	6	3	2020-09-18	20:00:00	22	25	5	0	Forfait	\N
2173	6	4	2020-09-25	20:00:00	26	21	1	4	\N	\N
2174	6	4	2020-09-25	20:00:00	65	69	1	5	\N	\N
2175	6	4	2020-09-25	20:00:00	70	23	2	3	\N	\N
2176	6	4	2020-09-25	20:00:00	28	46	3	1	\N	\N
2177	6	4	2020-09-25	20:00:00	24	62	0	4	\N	\N
2178	6	4	2020-09-25	20:00:00	27	40	2	0	\N	\N
2179	6	4	2020-09-25	20:00:00	66	22	2	0	\N	\N
2180	6	4	2020-09-25	00:00:00	25	41	\N	\N	Postponed	\N
2181	6	5	2020-10-02	20:00:00	21	41	3	0	\N	\N
2182	6	5	2020-10-02	20:00:00	69	26	5	0	Forfait	\N
2183	6	5	2020-10-02	20:00:00	65	23	2	8	\N	\N
2184	6	5	2020-10-02	20:00:00	46	70	\N	\N	Canceled	\N
2185	6	5	2020-10-02	20:00:00	62	28	3	0	\N	\N
2186	6	5	2020-10-02	20:00:00	40	24	0	3	\N	\N
2187	6	5	2020-10-02	20:00:00	22	27	0	2	\N	\N
2188	6	5	2020-10-02	20:00:00	66	25	3	0	\N	\N
2189	6	6	2020-10-09	20:00:00	41	69	1	5	\N	\N
2190	6	6	2020-10-09	20:00:00	26	23	4	2	\N	\N
2191	6	6	2020-10-09	20:00:00	65	46	1	3	\N	\N
2192	6	6	2020-10-09	20:00:00	62	70	2	0	\N	\N
2193	6	6	2020-10-09	20:00:00	28	40	\N	\N	Canceled	\N
2194	6	6	2020-10-09	20:00:00	24	22	1	2	\N	\N
2195	6	6	2020-10-09	20:00:00	66	27	1	1	\N	\N
2196	6	6	2020-10-09	20:00:00	25	21	1	4	\N	\N
2197	6	7	2020-10-16	00:00:00	69	21	\N	\N	Postponed	\N
2198	6	7	2020-10-16	20:00:00	23	41	\N	\N	\N	\N
2199	6	7	2020-10-16	20:00:00	26	46	\N	\N	\N	\N
2200	6	7	2020-10-16	20:00:00	65	62	\N	\N	\N	\N
2201	6	7	2020-10-16	20:00:00	40	70	\N	\N	\N	\N
2202	6	7	2020-10-16	20:00:00	22	28	\N	\N	\N	\N
2203	6	7	2020-10-16	20:00:00	24	66	\N	\N	\N	\N
2204	6	7	2020-10-16	20:00:00	27	25	\N	\N	\N	\N
2205	6	8	2020-10-23	20:00:00	21	23	\N	\N	\N	\N
2206	6	8	2020-10-23	20:00:00	41	46	\N	\N	\N	\N
2207	6	8	2020-10-23	20:00:00	26	62	\N	\N	\N	\N
2208	6	8	2020-10-23	20:00:00	65	40	\N	\N	\N	\N
2209	6	8	2020-10-23	20:00:00	70	22	\N	\N	\N	\N
2210	6	8	2020-10-23	20:00:00	66	28	\N	\N	\N	\N
2211	6	8	2020-10-23	20:00:00	24	27	\N	\N	\N	\N
2212	6	8	2020-10-23	20:00:00	25	69	\N	\N	\N	\N
2213	6	9	2020-10-30	20:00:00	23	69	\N	\N	\N	\N
2214	6	9	2020-10-30	20:00:00	46	21	\N	\N	\N	\N
2215	6	9	2020-10-30	20:00:00	62	41	\N	\N	\N	\N
2216	6	9	2020-10-30	20:00:00	40	26	\N	\N	\N	\N
2217	6	9	2020-10-30	20:00:00	22	65	\N	\N	\N	\N
2218	6	9	2020-10-30	20:00:00	66	70	\N	\N	\N	\N
2219	6	9	2020-10-30	20:00:00	27	28	\N	\N	\N	\N
2220	6	9	2020-10-30	20:00:00	24	25	\N	\N	\N	\N
2221	6	10	2020-11-06	20:00:00	69	46	\N	\N	\N	\N
2222	6	10	2020-11-06	20:00:00	21	62	\N	\N	\N	\N
2223	6	10	2020-11-06	20:00:00	41	40	\N	\N	\N	\N
2224	6	10	2020-11-06	20:00:00	26	22	\N	\N	\N	\N
2225	6	10	2020-11-06	20:00:00	65	66	\N	\N	\N	\N
2226	6	10	2020-11-06	20:00:00	70	27	\N	\N	\N	\N
2227	6	10	2020-11-06	20:00:00	28	24	\N	\N	\N	\N
2228	6	10	2020-11-06	20:00:00	25	23	\N	\N	\N	\N
2229	6	11	2020-11-13	20:00:00	46	23	\N	\N	\N	\N
2230	6	11	2020-11-13	20:00:00	62	69	\N	\N	\N	\N
2231	6	11	2020-11-13	20:00:00	40	21	\N	\N	\N	\N
2232	6	11	2020-11-13	20:00:00	22	41	\N	\N	\N	\N
2233	6	11	2020-11-13	20:00:00	66	26	\N	\N	\N	\N
2234	6	11	2020-11-13	20:00:00	27	65	\N	\N	\N	\N
2235	6	11	2020-11-13	00:00:00	24	70	\N	\N	Postponed	\N
2236	6	11	2020-11-13	20:00:00	28	25	\N	\N	\N	\N
2237	6	12	2020-11-20	20:00:00	23	62	\N	\N	\N	\N
2238	6	12	2020-11-20	20:00:00	69	40	\N	\N	\N	\N
2239	6	12	2020-11-20	20:00:00	21	22	\N	\N	\N	\N
2240	6	12	2020-11-20	20:00:00	41	66	\N	\N	\N	\N
2241	6	12	2020-11-20	00:00:00	26	27	\N	\N	Postponed	\N
2242	6	12	2020-11-20	20:00:00	65	24	\N	\N	\N	\N
2243	6	12	2020-11-20	20:00:00	70	28	\N	\N	\N	\N
2244	6	12	2020-11-20	20:00:00	25	46	\N	\N	\N	\N
2245	6	13	2020-11-27	20:00:00	62	46	\N	\N	\N	\N
2246	6	13	2020-11-27	20:00:00	40	23	\N	\N	\N	\N
2247	6	13	2020-11-27	20:00:00	22	69	\N	\N	\N	\N
2248	6	13	2020-11-27	20:00:00	66	21	\N	\N	\N	\N
2249	6	13	2020-11-27	20:00:00	27	41	\N	\N	\N	\N
2250	6	13	2020-11-27	20:00:00	26	24	\N	\N	\N	\N
2251	6	13	2020-11-27	20:00:00	28	65	\N	\N	\N	\N
2252	6	13	2020-11-27	20:00:00	70	25	\N	\N	\N	\N
2253	6	14	2020-12-04	20:00:00	46	40	\N	\N	\N	\N
2254	6	14	2020-12-04	20:00:00	23	22	\N	\N	\N	\N
2255	6	14	2020-12-04	20:00:00	69	66	\N	\N	\N	\N
2256	6	14	2020-12-04	20:00:00	21	27	\N	\N	\N	\N
2257	6	14	2020-12-04	20:00:00	24	41	\N	\N	\N	\N
2258	6	14	2020-12-04	20:00:00	26	28	\N	\N	\N	\N
2259	6	14	2020-12-04	20:00:00	65	70	\N	\N	\N	\N
2260	6	14	2020-12-04	20:00:00	25	62	\N	\N	\N	\N
2261	6	15	2020-12-11	20:00:00	40	62	\N	\N	\N	\N
2262	6	15	2020-12-11	20:00:00	28	41	\N	\N	\N	\N
2263	6	15	2020-12-11	20:00:00	27	69	\N	\N	\N	\N
2264	6	15	2020-12-11	20:00:00	66	23	\N	\N	\N	\N
2265	6	15	2020-12-11	20:00:00	22	46	\N	\N	\N	\N
2266	6	15	2020-12-11	20:00:00	24	21	\N	\N	\N	\N
2267	6	15	2020-12-11	20:00:00	26	70	\N	\N	\N	\N
2268	6	15	2020-12-11	20:00:00	65	25	\N	\N	\N	\N
2269	6	16	2020-12-18	20:00:00	65	26	\N	\N	\N	\N
2270	6	16	2020-12-18	20:00:00	70	41	\N	\N	\N	\N
2271	6	16	2020-12-18	20:00:00	28	21	\N	\N	\N	\N
2272	6	16	2020-12-18	20:00:00	24	69	\N	\N	\N	\N
2273	6	16	2020-12-18	20:00:00	27	23	\N	\N	\N	\N
2274	6	16	2020-12-18	20:00:00	66	46	\N	\N	\N	\N
2275	6	16	2020-12-18	00:00:00	22	62	\N	\N	Postponed	\N
2276	6	16	2020-12-18	20:00:00	25	40	\N	\N	\N	\N
2277	6	17	2021-01-08	20:00:00	41	65	\N	\N	\N	\N
2278	6	17	2021-01-08	20:00:00	21	70	\N	\N	\N	\N
2279	6	17	2021-01-08	20:00:00	69	28	\N	\N	\N	\N
2280	6	17	2021-01-08	20:00:00	23	24	\N	\N	\N	\N
2281	6	17	2021-01-08	20:00:00	46	27	\N	\N	\N	\N
2282	6	17	2021-01-08	20:00:00	62	66	\N	\N	\N	\N
2283	6	17	2021-01-08	20:00:00	40	22	\N	\N	\N	\N
2284	6	17	2021-01-08	20:00:00	26	25	\N	\N	\N	\N
2285	6	18	2021-01-15	20:00:00	26	41	\N	\N	\N	\N
2286	6	18	2021-01-15	20:00:00	21	65	\N	\N	\N	\N
2287	6	18	2021-01-15	20:00:00	70	69	\N	\N	\N	\N
2288	6	18	2021-01-15	00:00:00	28	23	\N	\N	Postponed	\N
2289	6	18	2021-01-15	20:00:00	24	46	\N	\N	\N	\N
2290	6	18	2021-01-15	20:00:00	27	62	\N	\N	\N	\N
2291	6	18	2021-01-15	20:00:00	66	40	\N	\N	\N	\N
2292	6	18	2021-01-15	20:00:00	25	22	\N	\N	\N	\N
2293	6	19	2021-01-22	20:00:00	21	26	\N	\N	\N	\N
2294	6	19	2021-01-22	20:00:00	69	65	\N	\N	\N	\N
2295	6	19	2021-01-22	20:00:00	23	70	\N	\N	\N	\N
2296	6	19	2021-01-22	20:00:00	46	28	\N	\N	\N	\N
2297	6	19	2021-01-22	20:00:00	62	24	\N	\N	\N	\N
2298	6	19	2021-01-22	20:00:00	40	27	\N	\N	\N	\N
2299	6	19	2021-01-22	20:00:00	22	66	\N	\N	\N	\N
2300	6	19	2021-01-22	20:00:00	41	25	\N	\N	\N	\N
2301	6	20	2021-01-29	20:00:00	41	21	\N	\N	\N	\N
2302	6	20	2021-01-29	20:00:00	26	69	\N	\N	\N	\N
2303	6	20	2021-01-29	20:00:00	23	65	\N	\N	\N	\N
2304	6	20	2021-01-29	20:00:00	70	46	\N	\N	\N	\N
2305	6	20	2021-01-29	20:00:00	28	62	\N	\N	\N	\N
2306	6	20	2021-01-29	20:00:00	24	40	\N	\N	\N	\N
2307	6	20	2021-01-29	20:00:00	27	22	\N	\N	\N	\N
2308	6	20	2021-01-29	20:00:00	25	66	\N	\N	\N	\N
2309	6	21	2021-02-05	20:00:00	69	41	\N	\N	\N	\N
2310	6	21	2021-02-05	20:00:00	23	26	\N	\N	\N	\N
2311	6	21	2021-02-05	20:00:00	46	65	\N	\N	\N	\N
2312	6	21	2021-02-05	20:00:00	70	62	\N	\N	\N	\N
2313	6	21	2021-02-05	20:00:00	40	28	\N	\N	\N	\N
2314	6	21	2021-02-05	20:00:00	22	24	\N	\N	\N	\N
2315	6	21	2021-02-05	20:00:00	27	66	\N	\N	\N	\N
2316	6	21	2021-02-05	20:00:00	21	25	\N	\N	\N	\N
2317	6	22	2021-02-12	20:00:00	21	69	\N	\N	\N	\N
2318	6	22	2021-02-12	20:00:00	41	23	\N	\N	\N	\N
2319	6	22	2021-02-12	20:00:00	46	26	\N	\N	\N	\N
2320	6	22	2021-02-12	20:00:00	62	65	\N	\N	\N	\N
2321	6	22	2021-02-12	20:00:00	70	40	\N	\N	\N	\N
2322	6	22	2021-02-12	20:00:00	28	22	\N	\N	\N	\N
2323	6	22	2021-02-12	20:00:00	66	24	\N	\N	\N	\N
2324	6	22	2021-02-12	20:00:00	25	27	\N	\N	\N	\N
2325	6	23	2021-02-19	20:00:00	23	21	\N	\N	\N	\N
2326	6	23	2021-02-19	20:00:00	46	41	\N	\N	\N	\N
2327	6	23	2021-02-19	20:00:00	62	26	\N	\N	\N	\N
2328	6	23	2021-02-19	20:00:00	40	65	\N	\N	\N	\N
2329	6	23	2021-02-19	20:00:00	22	70	\N	\N	\N	\N
2330	6	23	2021-02-19	20:00:00	28	66	\N	\N	\N	\N
2331	6	23	2021-02-19	20:00:00	27	24	\N	\N	\N	\N
2332	6	23	2021-02-19	20:00:00	69	25	\N	\N	\N	\N
2333	6	24	2021-02-26	20:00:00	69	23	\N	\N	\N	\N
2334	6	24	2021-02-26	20:00:00	21	46	\N	\N	\N	\N
2335	6	24	2021-02-26	20:00:00	41	62	\N	\N	\N	\N
2336	6	24	2021-02-26	20:00:00	26	40	\N	\N	\N	\N
2337	6	24	2021-02-26	20:00:00	65	22	\N	\N	\N	\N
2338	6	24	2021-02-26	20:00:00	70	66	\N	\N	\N	\N
2339	6	24	2021-02-26	20:00:00	28	27	\N	\N	\N	\N
2340	6	24	2021-02-26	20:00:00	25	24	\N	\N	\N	\N
2341	6	25	2021-03-05	20:00:00	46	69	\N	\N	\N	\N
2342	6	25	2021-03-05	20:00:00	62	21	\N	\N	\N	\N
2343	6	25	2021-03-05	20:00:00	40	41	\N	\N	\N	\N
2344	6	25	2021-03-05	20:00:00	22	26	\N	\N	\N	\N
2345	6	25	2021-03-05	20:00:00	66	65	\N	\N	\N	\N
2346	6	25	2021-03-05	20:00:00	27	70	\N	\N	\N	\N
2347	6	25	2021-03-05	00:00:00	24	28	\N	\N	Postponed	\N
2348	6	25	2021-03-05	20:00:00	23	25	\N	\N	\N	\N
2349	6	26	2021-03-12	20:00:00	23	46	\N	\N	\N	\N
2350	6	26	2021-03-12	20:00:00	69	62	\N	\N	\N	\N
2351	6	26	2021-03-12	20:00:00	21	40	\N	\N	\N	\N
2352	6	26	2021-03-12	20:00:00	41	22	\N	\N	\N	\N
2353	6	26	2021-03-12	20:00:00	26	66	\N	\N	\N	\N
2354	6	26	2021-03-12	20:00:00	65	27	\N	\N	\N	\N
2355	6	26	2021-03-12	20:00:00	70	24	\N	\N	\N	\N
2356	6	26	2021-03-12	20:00:00	25	28	\N	\N	\N	\N
2357	6	27	2021-03-19	20:00:00	62	23	\N	\N	\N	\N
2358	6	27	2021-03-19	20:00:00	40	69	\N	\N	\N	\N
2359	6	27	2021-03-19	20:00:00	22	21	\N	\N	\N	\N
2360	6	27	2021-03-19	20:00:00	66	41	\N	\N	\N	\N
2361	6	27	2021-03-19	20:00:00	27	26	\N	\N	\N	\N
2362	6	27	2021-03-19	20:00:00	24	65	\N	\N	\N	\N
2363	6	27	2021-03-19	20:00:00	28	70	\N	\N	\N	\N
2364	6	27	2021-03-19	20:00:00	46	25	\N	\N	\N	\N
2365	6	28	2021-03-26	20:00:00	46	62	\N	\N	\N	\N
2366	6	28	2021-03-26	20:00:00	23	40	\N	\N	\N	\N
2367	6	28	2021-03-26	20:00:00	69	22	\N	\N	\N	\N
2368	6	28	2021-03-26	20:00:00	21	66	\N	\N	\N	\N
2369	6	28	2021-03-26	20:00:00	41	27	\N	\N	\N	\N
2370	6	28	2021-03-26	20:00:00	24	26	\N	\N	\N	\N
2371	6	28	2021-03-26	20:00:00	65	28	\N	\N	\N	\N
2372	6	28	2021-03-26	20:00:00	25	70	\N	\N	\N	\N
2373	6	29	2021-04-16	20:00:00	40	46	\N	\N	\N	\N
2374	6	29	2021-04-16	20:00:00	22	23	\N	\N	\N	\N
2375	6	29	2021-04-16	20:00:00	66	69	\N	\N	\N	\N
2376	6	29	2021-04-16	20:00:00	27	21	\N	\N	\N	\N
2377	6	29	2021-04-16	20:00:00	41	24	\N	\N	\N	\N
2378	6	29	2021-04-16	20:00:00	28	26	\N	\N	\N	\N
2379	6	29	2021-04-16	20:00:00	70	65	\N	\N	\N	\N
2380	6	29	2021-04-16	20:00:00	62	25	\N	\N	\N	\N
2381	6	30	2021-04-23	20:00:00	62	40	\N	\N	\N	\N
2382	6	30	2021-04-23	20:00:00	46	22	\N	\N	\N	\N
2383	6	30	2021-04-23	20:00:00	23	66	\N	\N	\N	\N
2384	6	30	2021-04-23	20:00:00	69	27	\N	\N	\N	\N
2385	6	30	2021-04-23	20:00:00	21	24	\N	\N	\N	\N
2386	6	30	2021-04-23	20:00:00	41	28	\N	\N	\N	\N
2387	6	30	2021-04-23	20:00:00	70	26	\N	\N	\N	\N
2388	6	30	2021-04-23	20:00:00	25	65	\N	\N	\N	\N
\.


--
-- Data for Name: referee; Type: TABLE DATA; Schema: public; Owner: postgres
--

COPY public.referee (id, first_name, last_name, address, zip_code, city, phone_number, email, date_of_birth) FROM stdin;
1	Jan	Peeters	Lentestraat 5	2000	Antwerpen	24771211	jan.peeters@l-v-l.be	1969-06-09
2	Roger	Smets	Rietbroek 6	2000	Antwerpen	24771211	roger.smets@l-v-l.be	1969-06-09
3	Rudy	Mertens	Asberg 33	2000	Antwerpen	24771211	rudy.mertens@l-v-l.be	1969-06-09
4	Jozef	Marinus	Middelheimlaan 1	2000	Antwerpen	24771211	jozef.marinus@l-v-l.be	1969-06-09
5	Marc	Mols	Meir 1	2000	Antwerpen	24771211	marc.mols@l-v-l.be	1969-06-09
6	Ruben	Van Den Heuvel	Heuvelstraat 89	2000	Antwerpen	24771211	ruben.vandenheuvel@l-v-l.be	1969-06-09
7	David	De Ridder	Kasteelstraat 6	2000	Antwerpen	24771211	david.deridder@l-v-l.be	1969-06-09
8	Ward	Horemans	Katerstraat 3	2000	Antwerpen	24771211	ward.horemans@l-v-l.be	1969-06-09
9	Christophe	Verdonck	Sint-Pietersvliet 7	2000	Antwerpen	24771211	christophe.verdonck@uantwerpen.be	1969-06-09
10	Jose	Oramas	Sint-Pietersvliet 7	2000	Antwerpen	24771211	jose.oramas@uantwerpen.be	1969-06-09
\.


--
-- Data for Name: team; Type: TABLE DATA; Schema: public; Owner: postgres
--

COPY public.team (id, stam_number, suffix, colors) FROM stdin;
1	13	\N	groen-zwart-groen/wit
2	61	\N	Paars-paars-paars
3	79	\N	Mauve-mauve-mauve
4	74	\N	Wit-zwart-zwart
5	81	\N	rood/wit-rood-rood
6	81	B	rood/wit-rood-rood
7	105	\N	Oranje-zwart-zwart
8	177	\N	rood/zwart-zwart-rood
9	177	B	rood/zwart-zwart-rood
10	162	\N	Zwart-geel-zwart
11	162	B	Zwart-geel-zwart
12	9	\N	Blauw-blauw-blauw
13	6	\N	Rood-zwart-zwart
14	6	B	Rood-rood-rood
15	4	\N	Groengroen-groen
16	136	\N	geel/rood-rood-geel/rood
17	52	\N	Rood-zwart-rood
18	52	B	Rood-zwart-rood
19	214	\N	blauw/geel-blauw-blauw
20	214	B	Blauw-blauw-blauw
21	79	Veteranen	Mauve-mauve-mauve
22	305	\N	Blauw-blauw-blauw
23	114	\N	Blauw-zwart-zwart
24	74	Veteranen	blauw/wit-blauw-blauw
25	223	\N	Blauw-blauw-blauw
26	99	\N	groen/wit-groen/wit-groen
27	202	\N	groen/wit-groen-groen
28	201	\N	rood-wit-rood/wit
29	321	\N	Bordeaux-zwart-zwart
30	285	\N	rood/wit-rood/wit-rood/wit
31	176	\N	zwart/rood-zwart-zwart/rood
32	199	\N	geel/groen-groen-groen
33	183	\N	groen/geel-groen-groen
34	58	\N	Geel-zwart-zwart
35	329	\N	Geel-zwart-geel
36	327	\N	Rood-zwart-zwart
37	4	B	Groen-groen-groen
38	328	\N	rood/wit-rood/wit-rood
39	330	\N	Geel-blauw-rood
40	199	Veteranen	geel/groen-groen-groen
41	52	Veteranen	Rood-rood-rood
42	241	\N	Geel-zwart-zwart
43	94	\N	Geel-zwart-geel
44	267	\N	blauw/bordeaux-blauw-blauw
45	142	\N	Blauw-blauw-blauw
46	320	\N	wit/zwart-zwart-zwart
47	145	\N	Geel-blauw-geel
48	272	\N	blauw/rood-blauw-rood/blauw
49	180	\N	Blauw-blauw-blauw
50	8	\N	rood/wit-rood-rood
51	134	\N	Blauw-blauw-geel
52	135	\N	Rood-rood-rood
53	254	\N	zwart/wit-zwart-zwart/wit
54	260	\N	Groen-wit-groen
55	323	\N	Zwart-zwart-zwart
56	322	\N	zwart/rood-zwart-rood
57	17	\N	Zwart-zwart-zwart
58	314	\N	bordeaux/blauw-zwart-zwart
59	318	\N	Koningsblauw-blauw-blauw
60	79	B	Mauve-mauve-mauve
61	324	\N	zwart/oranje-zwart-zwart
62	317	\N	Geel-zwart-zwart
63	295	\N	Rood-zwart-zwart
64	316	\N	bordeaux/blauw-blauw-blauw
65	326	\N	Geel-blauw-blauw
66	17	Veteranen	Rood-rood-rood
67	325	\N	zwart/geel-zwart-zwart
68	272	B	rood/zwart-zwart-rood
69	165	\N	Geel-blauw-blauw
70	331	\N	Groen-rood-zwart
71	332	\N	geel/zwart-zwart-zwart/geel
\.


--
-- Data for Name: user; Type: TABLE DATA; Schema: public; Owner: postgres
--

COPY public."user" (id, username, password_hash, email, team_id, is_admin, is_super_admin) FROM stdin;
1	Voetbalfan	pbkdf2:sha256:150000$64sWreiO$0ccbbb15b86f4f3a555eadebc8178c79f248d5eee8679b25e624733b0a1023f4	voetbalfan@me.com	\N	f	f
2	Voetballer	pbkdf2:sha256:150000$7LWl1fy4$523143faee4b5c72abc9e0b8814f5d30e43634f124189d7b77cc97926cfb9cc8	voetballer@me.com	1	f	f
3	Admin	pbkdf2:sha256:150000$fed25lhM$fa288cbf8e85a73cdf4f639f7e76fea02ed4053728a5ed2edb6e00c672afa1f6	admin@me.com	\N	t	f
4	Super	pbkdf2:sha256:150000$mqIX4cbk$f263adff46d5d7a70962bb74fa8652af6d90ede1f517831299c2a80ca381c9b7	super@me.com	\N	f	t
\.


--
-- Name: club_stam_number_seq; Type: SEQUENCE SET; Schema: public; Owner: postgres
--

SELECT pg_catalog.setval('public.club_stam_number_seq', 333, false);


--
-- Name: division_id_seq; Type: SEQUENCE SET; Schema: public; Owner: postgres
--

SELECT pg_catalog.setval('public.division_id_seq', 7, false);


--
-- Name: match_id_seq; Type: SEQUENCE SET; Schema: public; Owner: postgres
--

SELECT pg_catalog.setval('public.match_id_seq', 2388, true);


--
-- Name: referee_id_seq; Type: SEQUENCE SET; Schema: public; Owner: postgres
--

SELECT pg_catalog.setval('public.referee_id_seq', 10, true);


--
-- Name: seq_reg_id; Type: SEQUENCE SET; Schema: public; Owner: postgres
--

SELECT pg_catalog.setval('public.seq_reg_id', 71, false);


--
-- Name: team_id_seq; Type: SEQUENCE SET; Schema: public; Owner: postgres
--

SELECT pg_catalog.setval('public.team_id_seq', 71, false);


--
-- Name: user_id_seq; Type: SEQUENCE SET; Schema: public; Owner: postgres
--

SELECT pg_catalog.setval('public.user_id_seq', 4, true);


--
-- Name: club club_name_key; Type: CONSTRAINT; Schema: public; Owner: postgres
--

ALTER TABLE ONLY public.club
    ADD CONSTRAINT club_name_key UNIQUE (name);


--
-- Name: club club_pkey; Type: CONSTRAINT; Schema: public; Owner: postgres
--

ALTER TABLE ONLY public.club
    ADD CONSTRAINT club_pkey PRIMARY KEY (stam_number);


--
-- Name: division division_name_key; Type: CONSTRAINT; Schema: public; Owner: postgres
--

ALTER TABLE ONLY public.division
    ADD CONSTRAINT division_name_key UNIQUE (name);


--
-- Name: division division_pkey; Type: CONSTRAINT; Schema: public; Owner: postgres
--

ALTER TABLE ONLY public.division
    ADD CONSTRAINT division_pkey PRIMARY KEY (id);


--
-- Name: match match_away_team_id_date_key; Type: CONSTRAINT; Schema: public; Owner: postgres
--

ALTER TABLE ONLY public.match
    ADD CONSTRAINT match_away_team_id_date_key UNIQUE (away_team_id, date);


--
-- Name: match match_date_time_home_team_id_away_team_id_key; Type: CONSTRAINT; Schema: public; Owner: postgres
--

ALTER TABLE ONLY public.match
    ADD CONSTRAINT match_date_time_home_team_id_away_team_id_key UNIQUE (date, "time", home_team_id, away_team_id);


--
-- Name: match match_home_team_id_date_key; Type: CONSTRAINT; Schema: public; Owner: postgres
--

ALTER TABLE ONLY public.match
    ADD CONSTRAINT match_home_team_id_date_key UNIQUE (home_team_id, date);


--
-- Name: match match_pkey; Type: CONSTRAINT; Schema: public; Owner: postgres
--

ALTER TABLE ONLY public.match
    ADD CONSTRAINT match_pkey PRIMARY KEY (id);


--
-- Name: match match_referee_id_date_key; Type: CONSTRAINT; Schema: public; Owner: postgres
--

ALTER TABLE ONLY public.match
    ADD CONSTRAINT match_referee_id_date_key UNIQUE (referee_id, date);


--
-- Name: referee referee_first_name_last_name_date_of_birth_key; Type: CONSTRAINT; Schema: public; Owner: postgres
--

ALTER TABLE ONLY public.referee
    ADD CONSTRAINT referee_first_name_last_name_date_of_birth_key UNIQUE (first_name, last_name, date_of_birth);


--
-- Name: referee referee_pkey; Type: CONSTRAINT; Schema: public; Owner: postgres
--

ALTER TABLE ONLY public.referee
    ADD CONSTRAINT referee_pkey PRIMARY KEY (id);


--
-- Name: team team_pkey; Type: CONSTRAINT; Schema: public; Owner: postgres
--

ALTER TABLE ONLY public.team
    ADD CONSTRAINT team_pkey PRIMARY KEY (id);


--
-- Name: team team_suffix_stam_number_key; Type: CONSTRAINT; Schema: public; Owner: postgres
--

ALTER TABLE ONLY public.team
    ADD CONSTRAINT team_suffix_stam_number_key UNIQUE (suffix, stam_number);


--
-- Name: user user_pkey; Type: CONSTRAINT; Schema: public; Owner: postgres
--

ALTER TABLE ONLY public."user"
    ADD CONSTRAINT user_pkey PRIMARY KEY (id);


--
-- Name: user user_username_key; Type: CONSTRAINT; Schema: public; Owner: postgres
--

ALTER TABLE ONLY public."user"
    ADD CONSTRAINT user_username_key UNIQUE (username);


--
-- Name: match match_away_team_id_fkey; Type: FK CONSTRAINT; Schema: public; Owner: postgres
--

ALTER TABLE ONLY public.match
    ADD CONSTRAINT match_away_team_id_fkey FOREIGN KEY (away_team_id) REFERENCES public.team(id) ON DELETE CASCADE;


--
-- Name: match match_division_id_fkey; Type: FK CONSTRAINT; Schema: public; Owner: postgres
--

ALTER TABLE ONLY public.match
    ADD CONSTRAINT match_division_id_fkey FOREIGN KEY (division_id) REFERENCES public.division(id) ON DELETE CASCADE;


--
-- Name: match match_home_team_id_fkey; Type: FK CONSTRAINT; Schema: public; Owner: postgres
--

ALTER TABLE ONLY public.match
    ADD CONSTRAINT match_home_team_id_fkey FOREIGN KEY (home_team_id) REFERENCES public.team(id) ON DELETE CASCADE;


--
-- Name: match match_referee_id_fkey; Type: FK CONSTRAINT; Schema: public; Owner: postgres
--

ALTER TABLE ONLY public.match
    ADD CONSTRAINT match_referee_id_fkey FOREIGN KEY (referee_id) REFERENCES public.referee(id);


--
-- Name: team team_stam_number_fkey; Type: FK CONSTRAINT; Schema: public; Owner: postgres
--

ALTER TABLE ONLY public.team
    ADD CONSTRAINT team_stam_number_fkey FOREIGN KEY (stam_number) REFERENCES public.club(stam_number);


--
-- Name: user user_team_id_fkey; Type: FK CONSTRAINT; Schema: public; Owner: postgres
--

ALTER TABLE ONLY public."user"
    ADD CONSTRAINT user_team_id_fkey FOREIGN KEY (team_id) REFERENCES public.team(id);


--
-- PostgreSQL database dump complete
--

